pos,s1
138,0.000000
139,0.000000
140,0.000000
141,0.000000
142,0.000000
143,0.000000
144,0.000000
145,0.000000
146,0.000000
147,0.000000
148,0.000000
149,0.000000
150,0.000000
151,0.000000
152,0.000000
153,0.000000
154,0.000000
155,0.000000
156,0.000000
157,0.000000
158,0.000000
159,0.000000
160,0.000000
161,0.000000
162,0.000000
163,0.000000
164,0.000000
165,0.000000
166,0.000000
167,0.000000
168,0.000000
169,0.000000
170,0.000000
171,0.000000
172,0.000000
173,0.000000
174,0.000000
175,0.000000
176,0.000000
177,0.000000
178,0.000000
179,0.000000
180,0.000000
181,0.000000
182,0.000000
183,0.000000
184,0.000000
185,0.000000
186,0.000000
187,0.000000
188,0.000000
189,0.000000
190,0.000000
191,0.000000
192,0.000000
193,0.000000
194,0.000000
195,0.000000
196,0.000000
197,0.000000
198,0.000000
199,0.000000
200,0.000000
201,0.000000
202,0.000000
203,0.000000
204,0.000000
205,0.000000
206,0.000000
207,0.000000
208,0.000000
209,0.000000
210,0.000000
211,0.000000
212,0.000000
213,0.000000
214,0.000000
215,0.000000
216,0.000000
217,0.000000
218,0.000000
219,0.000000
220,0.000000
221,0.000000
222,0.000000
223,0.000000
224,0.000000
225,0.000000
226,0.000000
227,0.000000
228,0.000000
229,0.000000
230,0.000000
231,0.000000
232,0.000000
233,0.000000
234,0.000000
235,0.000000
236,0.000000
237,0.000000
238,0.000000
239,0.000000
240,0.000000
241,0.000000
242,0.000000
243,0.000000
244,0.000000
245,0.000000
246,0.000000
247,0.000000
248,0.000000
249,0.000000
250,0.000000
251,0.000000
252,0.000000
253,0.000000
254,0.000000
255,0.000000
256,0.000000
257,0.000000
258,0.000000
259,0.000000
260,0.000000
261,0.000000
262,0.000000
263,0.000000
264,0.000000
265,0.000000
266,0.000000
267,0.000000
268,0.000000
269,0.000000
270,0.000000
271,0.000000
272,0.000000
273,0.000000
274,0.000000
275,0.000000
276,0.000000
277,0.000000
278,0.000000
279,0.000000
280,0.000000
281,0.000000
282,0.000000
283,0.000000
284,0.000000
285,0.000000
286,0.000000
287,0.000000
288,0.000000
289,0.000000
290,0.000000
291,0.000000
292,0.000000
293,0.000000
294,0.822655
295,0.827374
296,0.830902
297,0.847423
298,0.865727
299,0.842926
300,0.852177
301,0.840729
302,0.824543
303,0.811142
304,0.815388
305,0.827589
306,0.818717
307,0.835428
308,0.846384
309,0.832277
310,0.796576
311,0.826689
312,0.827111
313,0.810102
314,0.851770
315,0.819555
316,0.837122
317,0.844120
318,0.846195
319,0.834871
320,0.835555
321,0.801280
322,0.824295
323,0.821085
324,0.800005
325,0.805563
326,0.796198
327,0.804420
328,0.817119
329,0.824757
330,0.824331
331,0.837285
332,0.838237
333,0.836552
334,0.817374
335,0.826171
336,0.849534
337,0.845953
338,0.856450
339,0.845662
340,0.829069
341,0.835572
342,0.828833
343,0.838469
344,0.821569
345,0.823648
346,0.847713
347,0.834453
348,0.821553
349,0.822079
350,0.817630
351,0.823041
352,0.823739
353,0.845051
354,0.846038
355,0.826148
356,0.838366
357,0.837683
358,0.849459
359,0.837702
360,0.858680
361,0.846005
362,0.847459
363,0.830497
364,0.843511
365,0.853959
366,0.833696
367,0.832437
368,0.858385
369,0.852870
370,0.850170
371,0.827149
372,0.807609
373,0.822379
374,0.836009
375,0.823155
376,0.829192
377,0.831341
378,0.836983
379,0.840903
380,0.839323
381,0.857565
382,0.847456
383,0.850117
384,0.831001
385,0.833346
386,0.832945
387,0.818251
388,0.813162
389,0.842868
390,0.829346
391,0.851471
392,0.840784
393,0.840793
394,0.846151
395,0.825644
396,0.836562
397,0.856098
398,0.838729
399,0.842937
400,0.867156
401,0.878845
402,0.847553
403,0.839278
404,0.826308
405,0.811567
406,0.836890
407,0.848515
408,0.821901
409,0.839743
410,0.839052
411,0.860545
412,0.858172
413,0.847626
414,0.867587
415,0.851876
416,0.840379
417,0.850986
418,0.860378
419,0.851517
420,0.844183
421,0.876883
422,0.868522
423,0.856164
424,0.838284
425,0.813102
426,0.828248
427,0.839773
428,0.819763
429,0.821789
430,0.828859
431,0.857447
432,0.846302
433,0.861771
434,0.849583
435,0.854096
436,0.832541
437,0.831342
438,0.837008
439,0.821030
440,0.830339
441,0.842836
442,0.837739
443,0.849913
444,0.819594
445,0.838042
446,0.851440
447,0.848508
448,0.854483
449,0.875575
450,0.870521
451,0.848843
452,0.839708
453,0.827496
454,0.825548
455,0.801339
456,0.832210
457,0.843667
458,0.829674
459,0.831038
460,0.837305
461,0.841926
462,0.843877
463,0.823921
464,0.847001
465,0.836750
466,0.838677
467,0.849102
468,0.826869
469,0.848913
470,0.842471
471,0.840619
472,0.845848
473,0.861483
474,0.848437
475,0.853527
476,0.875871
477,0.854798
478,0.852193
479,0.845945
480,0.811547
481,0.809341
482,0.823257
483,0.850918
484,0.857082
485,0.884388
486,0.860254
487,0.870258
488,0.868187
489,0.854805
490,0.853652
491,0.845552
492,0.839728
493,0.835062
494,0.849263
495,0.831069
496,0.838715
497,0.848822
498,0.861102
499,0.865342
500,0.875822
501,0.863229
502,0.860770
503,0.847104
504,0.845331
505,0.854172
506,0.841330
507,0.851527
508,0.835722
509,0.868785
510,0.850150
511,0.850086
512,0.852898
513,0.837306
514,0.854836
515,0.861783
516,0.829829
517,0.854242
518,0.861550
519,0.874900
520,0.863687
521,0.859531
522,0.847771
523,0.849484
524,0.846767
525,0.860039
526,0.860248
527,0.846516
528,0.848611
529,0.873529
530,0.871919
531,0.849207
532,0.842738
533,0.850221
534,0.838896
535,0.838789
536,0.843212
537,0.834292
538,0.877374
539,0.865165
540,0.868214
541,0.870459
542,0.894935
543,0.868785
544,0.871376
545,0.877357
546,0.867821
547,0.871179
548,0.863887
549,0.858751
550,0.840180
551,0.859585
552,0.844904
553,0.827730
554,0.848016
555,0.845857
556,0.844142
557,0.840836
558,0.844366
559,0.839799
560,0.842511
561,0.852363
562,0.812407
563,0.859974
564,0.823569
565,0.843837
566,0.863708
567,0.839301
568,0.847936
569,0.875188
570,0.865846
571,0.853246
572,0.844536
573,0.818222
574,0.839489
575,0.828569
576,0.835057
577,0.847354
578,0.826243
579,0.847341
580,0.840334
581,0.837411
582,0.837715
583,0.850286
584,0.863904
585,0.837264
586,0.849795
587,0.860361
588,0.841116
589,0.845907
590,0.819854
591,0.817464
592,0.804287
593,0.827228
594,0.842287
595,0.837161
596,0.806597
597,0.821036
598,0.824089
599,0.823338
600,0.820173
601,0.830883
602,0.818787
603,0.815466
604,0.827429
605,0.842755
606,0.828785
607,0.860542
608,0.838702
609,0.848738
610,0.827597
611,0.829514
612,0.835886
613,0.832364
614,0.834835
615,0.837699
616,0.820385
617,0.850244
618,0.845976
619,0.824797
620,0.852234
621,0.848739
622,0.825956
623,0.825826
624,0.845879
625,0.829629
626,0.862650
627,0.822596
628,0.833802
629,0.852213
630,0.844339
631,0.835014
632,0.850404
633,0.812655
634,0.844981
635,0.855397
636,0.855995
637,0.831588
638,0.844552
639,0.848178
640,0.813047
641,0.850695
642,0.846137
643,0.831941
644,0.821540
645,0.857526
646,0.844059
647,0.862989
648,0.838385
649,0.844402
650,0.846658
651,0.837689
652,0.830928
653,0.840093
654,0.815266
655,0.845382
656,0.837790
657,0.849361
658,0.859541
659,0.853648
660,0.845120
661,0.852286
662,0.827049
663,0.852692
664,0.837304
665,0.839071
666,0.847562
667,0.825345
668,0.840346
669,0.817613
670,0.824800
671,0.838972
672,0.834371
673,0.854439
674,0.830373
675,0.839543
676,0.851808
677,0.838226
678,0.854931
679,0.860049
680,0.864078
681,0.824990
682,0.858420
683,0.848651
684,0.824592
685,0.837059
686,0.867395
687,0.815745
688,0.843946
689,0.859671
690,0.848660
691,0.851614
692,0.862950
693,0.859917
694,0.859808
695,0.839140
696,0.823330
697,0.833521
698,0.850070
699,0.857098
700,0.831858
701,0.855171
702,0.839023
703,0.852931
704,0.854086
705,0.817682
706,0.836313
707,0.833226
708,0.847680
709,0.855325
710,0.858730
711,0.859952
712,0.860923
713,0.839269
714,0.843247
715,0.848881
716,0.834629
717,0.815924
718,0.862334
719,0.838418
720,0.821447
721,0.842748
722,0.855273
723,0.838218
724,0.853476
725,0.866069
726,0.857253
727,0.871829
728,0.859890
729,0.846039
730,0.870965
731,0.843671
732,0.862412
733,0.861047
734,0.834855
735,0.839319
736,0.850924
737,0.835757
738,0.833844
739,0.848515
740,0.852659
741,0.862115
742,0.833196
743,0.844601
744,0.856543
745,0.814759
746,0.846440
747,0.832586
748,0.862620
749,0.863675
750,0.859983
751,0.840400
752,0.853696
753,0.842551
754,0.868534
755,0.857328
756,0.852336
757,0.858483
758,0.871173
759,0.878145
760,0.865047
761,0.849116
762,0.846729
763,0.845581
764,0.865778
765,0.833309
766,0.833641
767,0.853452
768,0.868592
769,0.857244
770,0.858883
771,0.841789
772,0.866615
773,0.852443
774,0.866143
775,0.851917
776,0.873824
777,0.870452
778,0.857559
779,0.875614
780,0.845100
781,0.852765
782,0.863993
783,0.838442
784,0.846404
785,0.843397
786,0.810655
787,0.813053
788,0.815918
789,0.832962
790,0.813382
791,0.824598
792,0.817382
793,0.833986
794,0.842447
795,0.827164
796,0.849370
797,0.854101
798,0.844385
799,0.837284
800,0.840315
801,0.826421
802,0.838928
803,0.835045
804,0.847870
805,0.843356
806,0.851654
807,0.869886
808,0.859912
809,0.875145
810,0.871080
811,0.849844
812,0.877163
813,0.869802
814,0.865756
815,0.866682
816,0.835408
817,0.839922
818,0.863328
819,0.835170
820,0.827241
821,0.849311
822,0.856023
823,0.852356
824,0.832395
825,0.844431
826,0.855710
827,0.849142
828,0.823752
829,0.855430
830,0.839405
831,0.838301
832,0.845461
833,0.860740
834,0.857705
835,0.840122
836,0.850801
837,0.861478
838,0.860962
839,0.839110
840,0.857472
841,0.857624
842,0.845120
843,0.859463
844,0.823022
845,0.851201
846,0.851083
847,0.816447
848,0.849329
849,0.840286
850,0.865133
851,0.867096
852,0.855488
853,0.846448
854,0.852114
855,0.832275
856,0.843314
857,0.880869
858,0.874361
859,0.864681
860,0.857309
861,0.853517
862,0.836407
863,0.854108
864,0.844655
865,0.842441
866,0.864866
867,0.840446
868,0.835666
869,0.844723
870,0.847256
871,0.869033
872,0.840758
873,0.845114
874,0.865812
875,0.879182
876,0.873340
877,0.874315
878,0.842074
879,0.883261
880,0.868911
881,0.869887
882,0.862130
883,0.875091
884,0.865187
885,0.867797
886,0.865387
887,0.859820
888,0.859425
889,0.864342
890,0.839122
891,0.840121
892,0.853466
893,0.872383
894,0.857537
895,0.868705
896,0.862289
897,0.847131
898,0.842045
899,0.864387
900,0.851660
901,0.827010
902,0.850421
903,0.846707
904,0.839979
905,0.848645
906,0.864354
907,0.831551
908,0.855484
909,0.862652
910,0.845636
911,0.857669
912,0.873222
913,0.852532
914,0.853220
915,0.819074
916,0.822522
917,0.827457
918,0.843396
919,0.858566
920,0.825661
921,0.839876
922,0.843896
923,0.833627
924,0.824751
925,0.832496
926,0.814414
927,0.829719
928,0.837500
929,0.849985
930,0.841355
931,0.861111
932,0.830669
933,0.825427
934,0.830731
935,0.836710
936,0.840252
937,0.847700
938,0.857361
939,0.846722
940,0.833486
941,0.859619
942,0.848051
943,0.823027
944,0.834627
945,0.855591
946,0.844388
947,0.832086
948,0.863737
949,0.826042
950,0.850374
951,0.849654
952,0.819880
953,0.857242
954,0.841422
955,0.873187
956,0.870893
957,0.849768
958,0.844225
959,0.854112
960,0.845057
961,0.861992
962,0.849011
963,0.854106
964,0.854581
965,0.838116
966,0.831989
967,0.821501
968,0.829240
969,0.848053
970,0.839046
971,0.839743
972,0.849086
973,0.867703
974,0.857545
975,0.828518
976,0.862687
977,0.849521
978,0.841249
979,0.846761
980,0.861921
981,0.860878
982,0.850614
983,0.865476
984,0.858731
985,0.835036
986,0.862598
987,0.857421
988,0.849652
989,0.859989
990,0.858533
991,0.852028
992,0.834047
993,0.839789
994,0.857792
995,0.863199
996,0.853544
997,0.862716
998,0.859430
999,0.859022
1000,0.874526
1001,0.861492
1002,0.833198
1003,0.877771
1004,0.866263
1005,0.846759
1006,0.832919
1007,0.860181
1008,0.851449
1009,0.853784
1010,0.843209
1011,0.853561
1012,0.871050
1013,0.850356
1014,0.858341
1015,0.872954
1016,0.852516
1017,0.826986
1018,0.848938
1019,0.849954
1020,0.832703
1021,0.834486
1022,0.853099
1023,0.828101
1024,0.855247
1025,0.856072
1026,0.842630
1027,0.878230
1028,0.839776
1029,0.848768
1030,0.860958
1031,0.848724
1032,0.853748
1033,0.855805
1034,0.850441
1035,0.839476
1036,0.824689
1037,0.828323
1038,0.844876
1039,0.826930
1040,0.860357
1041,0.841817
1042,0.823176
1043,0.857229
1044,0.847775
1045,0.824650
1046,0.825645
1047,0.838123
1048,0.836687
1049,0.847746
1050,0.858405
1051,0.849662
1052,0.867616
1053,0.847379
1054,0.840484
1055,0.861373
1056,0.836841
1057,0.863123
1058,0.837906
1059,0.842363
1060,0.864242
1061,0.855414
1062,0.860521
1063,0.853080
1064,0.867432
1065,0.854583
1066,0.877384
1067,0.874415
1068,0.881706
1069,0.864026
1070,0.848830
1071,0.847842
1072,0.868353
1073,0.850269
1074,0.847590
1075,0.860595
1076,0.849459
1077,0.868661
1078,0.867664
1079,0.866823
1080,0.840592
1081,0.868859
1082,0.867858
1083,0.858880
1084,0.831940
1085,0.870249
1086,0.855392
1087,0.840581
1088,0.851725
1089,0.868514
1090,0.840526
1091,0.854165
1092,0.831699
1093,0.851026
1094,0.864847
1095,0.875154
1096,0.846723
1097,0.856687
1098,0.865807
1099,0.859256
1100,0.847888
1101,0.851852
1102,0.862997
1103,0.851475
1104,0.878628
1105,0.832822
1106,0.863875
1107,0.862859
1108,0.840897
1109,0.829145
1110,0.863250
1111,0.819861
1112,0.856138
1113,0.861105
1114,0.818342
1115,0.850434
1116,0.841338
1117,0.873660
1118,0.867313
1119,0.868733
1120,0.845459
1121,0.844354
1122,0.836392
1123,0.831073
1124,0.870715
1125,0.869597
1126,0.856646
1127,0.844223
1128,0.846979
1129,0.843221
1130,0.866414
1131,0.855567
1132,0.855973
1133,0.879208
1134,0.867395
1135,0.862711
1136,0.845260
1137,0.848620
1138,0.848358
1139,0.870698
1140,0.849203
1141,0.849458
1142,0.855292
1143,0.836746
1144,0.846347
1145,0.863579
1146,0.833683
1147,0.867277
1148,0.846740
1149,0.876210
1150,0.853691
1151,0.845794
1152,0.864573
1153,0.851350
1154,0.855898
1155,0.866088
1156,0.876124
1157,0.863404
1158,0.871629
1159,0.859323
1160,0.871552
1161,0.859452
1162,0.847451
1163,0.867242
1164,0.851159
1165,0.853635
1166,0.856245
1167,0.868930
1168,0.869726
1169,0.865772
1170,0.865910
1171,0.853146
1172,0.857982
1173,0.867989
1174,0.861640
1175,0.867595
1176,0.841267
1177,0.837009
1178,0.830742
1179,0.840081
1180,0.857295
1181,0.826088
1182,0.839138
1183,0.836923
1184,0.830470
1185,0.830419
1186,0.820312
1187,0.835806
1188,0.842138
1189,0.851637
1190,0.856318
1191,0.859645
1192,0.843042
1193,0.863082
1194,0.858762
1195,0.836917
1196,0.832933
1197,0.845414
1198,0.849174
1199,0.831400
1200,0.856086
1201,0.846493
1202,0.860776
1203,0.842951
1204,0.861107
1205,0.866262
1206,0.847257
1207,0.856294
1208,0.860114
1209,0.856590
1210,0.848793
1211,0.825275
1212,0.833038
1213,0.848894
1214,0.828732
1215,0.861006
1216,0.867863
1217,0.826429
1218,0.829214
1219,0.845711
1220,0.839643
1221,0.842903
1222,0.848456
1223,0.839736
1224,0.833665
1225,0.838352
1226,0.828325
1227,0.832144
1228,0.853438
1229,0.850515
1230,0.853090
1231,0.867019
1232,0.870019
1233,0.868467
1234,0.865886
1235,0.869019
1236,0.833621
1237,0.861008
1238,0.862937
1239,0.843283
1240,0.851447
1241,0.855531
1242,0.847711
1243,0.837500
1244,0.835735
1245,0.852035
1246,0.852483
1247,0.851840
1248,0.866254
1249,0.864890
1250,0.863116
1251,0.850653
1252,0.867489
1253,0.837495
1254,0.858600
1255,0.862224
1256,0.846314
1257,0.861026
1258,0.863048
1259,0.862412
1260,0.846898
1261,0.821086
1262,0.835367
1263,0.851672
1264,0.842553
1265,0.871179
1266,0.826967
1267,0.864212
1268,0.858259
1269,0.862542
1270,0.853114
1271,0.874058
1272,0.864523
1273,0.861350
1274,0.872672
1275,0.866169
1276,0.836867
1277,0.870539
1278,0.856431
1279,0.852266
1280,0.833449
1281,0.869791
1282,0.868324
1283,0.845591
1284,0.881732
1285,0.869131
1286,0.853390
1287,0.865332
1288,0.873742
1289,0.866562
1290,0.860588
1291,0.844141
1292,0.862433
1293,0.879852
1294,0.867672
1295,0.884623
1296,0.886010
1297,0.858705
1298,0.842488
1299,0.840624
1300,0.858953
1301,0.857259
1302,0.880579
1303,0.874519
1304,0.858022
1305,0.846523
1306,0.856601
1307,0.858502
1308,0.864900
1309,0.863151
1310,0.866820
1311,0.879698
1312,0.867338
1313,0.854166
1314,0.870603
1315,0.860549
1316,0.878169
1317,0.854593
1318,0.849998
1319,0.846258
1320,0.862154
1321,0.842245
1322,0.863470
1323,0.873647
1324,0.877050
1325,0.844095
1326,0.851297
1327,0.849432
1328,0.857350
1329,0.853714
1330,0.868089
1331,0.871340
1332,0.853595
1333,0.873483
1334,0.864453
1335,0.867947
1336,0.844645
1337,0.849322
1338,0.869224
1339,0.849284
1340,0.843160
1341,0.861585
1342,0.874983
1343,0.865164
1344,0.845569
1345,0.860492
1346,0.866681
1347,0.821718
1348,0.837880
1349,0.853557
1350,0.834889
1351,0.845760
1352,0.863546
1353,0.819206
1354,0.855652
1355,0.839935
1356,0.865263
1357,0.866453
1358,0.873249
1359,0.847187
1360,0.847211
1361,0.841171
1362,0.836128
1363,0.880742
1364,0.873943
1365,0.857187
1366,0.860036
1367,0.856788
1368,0.842807
1369,0.862476
1370,0.851032
1371,0.854557
1372,0.871492
1373,0.863331
1374,0.861332
1375,0.856617
1376,0.838462
1377,0.843359
1378,0.859834
1379,0.846301
1380,0.840106
1381,0.868878
1382,0.875689
1383,0.857059
1384,0.838612
1385,0.864567
1386,0.855301
1387,0.818295
1388,0.864637
1389,0.830950
1390,0.868507
1391,0.865851
1392,0.849310
1393,0.851627
1394,0.864645
1395,0.835179
1396,0.862240
1397,0.831466
1398,0.836090
1399,0.853580
1400,0.836996
1401,0.857845
1402,0.849520
1403,0.846891
1404,0.841718
1405,0.838197
1406,0.839547
1407,0.858666
1408,0.858074
1409,0.851045
1410,0.865001
1411,0.868014
1412,0.853360
1413,0.870690
1414,0.857951
1415,0.843998
1416,0.867150
1417,0.867871
1418,0.857301
1419,0.855825
1420,0.877217
1421,0.858110
1422,0.870243
1423,0.867176
1424,0.874467
1425,0.847328
1426,0.865953
1427,0.862535
1428,0.846392
1429,0.849242
1430,0.850357
1431,0.854432
1432,0.830702
1433,0.821784
1434,0.833447
1435,0.842478
1436,0.833377
1437,0.837811
1438,0.845694
1439,0.865547
1440,0.866598
1441,0.882924
1442,0.884733
1443,0.876932
1444,0.860147
1445,0.858383
1446,0.869831
1447,0.849024
1448,0.883384
1449,0.852585
1450,0.858428
1451,0.873964
1452,0.860288
1453,0.869805
1454,0.858132
1455,0.870932
1456,0.888387
1457,0.874192
1458,0.863413
1459,0.884956
1460,0.878260
1461,0.860468
1462,0.857418
1463,0.870059
1464,0.871253
1465,0.859818
1466,0.871091
1467,0.860739
1468,0.876176
1469,0.855373
1470,0.874361
1471,0.869680
1472,0.879512
1473,0.846448
1474,0.875178
1475,0.854922
1476,0.856546
1477,0.867968
1478,0.874301
1479,0.860692
1480,0.889151
1481,0.856207
1482,0.889486
1483,0.869937
1484,0.862371
1485,0.869682
1486,0.890646
1487,0.870129
1488,0.888357
1489,0.869723
1490,0.864776
1491,0.872162
1492,0.872783
1493,0.878599
1494,0.843482
1495,0.873072
1496,0.872318
1497,0.848351
1498,0.878826
1499,0.861464
1500,0.870588
1501,0.883802
1502,0.865892
1503,0.865239
1504,0.867943
1505,0.864304
1506,0.872642
1507,0.863492
1508,0.857756
1509,0.872974
1510,0.872973
1511,0.867480
1512,0.853609
1513,0.866235
1514,0.864861
1515,0.874088
1516,0.865047
1517,0.867590
1518,0.868767
1519,0.863307
1520,0.879748
1521,0.871262
1522,0.852704
1523,0.851675
1524,0.871403
1525,0.883029
1526,0.861744
1527,0.879743
1528,0.872542
1529,0.884350
1530,0.871243
1531,0.860814
1532,0.871938
1533,0.862084
1534,0.866081
1535,0.867316
1536,0.884510
1537,0.886047
1538,0.881324
1539,0.881071
1540,0.861513
1541,0.873317
1542,0.878801
1543,0.847666
1544,0.852486
1545,0.829420
1546,0.828951
1547,0.822495
1548,0.843267
1549,0.835828
1550,0.849582
1551,0.820227
1552,0.826794
1553,0.805378
1554,0.819171
1555,0.836541
1556,0.836760
1557,0.835255
1558,0.854440
1559,0.823465
1560,0.836455
1561,0.844470
1562,0.850945
1563,0.854469
1564,0.861931
1565,0.860457
1566,0.841496
1567,0.870294
1568,0.865864
1569,0.840079
1570,0.845372
1571,0.856966
1572,0.855187
1573,0.835667
1574,0.857345
1575,0.826793
1576,0.852154
1577,0.856515
1578,0.838079
1579,0.831777
1580,0.865429
1581,0.856587
1582,0.877828
1583,0.847231
1584,0.857470
1585,0.857179
1586,0.850112
1587,0.849279
1588,0.853221
1589,0.846191
1590,0.842597
1591,0.853876
1592,0.860094
1593,0.852974
1594,0.863805
1595,0.859912
1596,0.837644
1597,0.859891
1598,0.859868
1599,0.847977
1600,0.854809
1601,0.868132
1602,0.876528
1603,0.851658
1604,0.847095
1605,0.847320
1606,0.868319
1607,0.860251
1608,0.845599
1609,0.863605
1610,0.860220
1611,0.845201
1612,0.856167
1613,0.866260
1614,0.846911
1615,0.848277
1616,0.827951
1617,0.815477
1618,0.823017
1619,0.851270
1620,0.842151
1621,0.830638
1622,0.871160
1623,0.869041
1624,0.843264
1625,0.856606
1626,0.853863
1627,0.868397
1628,0.855111
1629,0.873855
1630,0.828643
1631,0.850565
1632,0.859146
1633,0.836869
1634,0.844754
1635,0.850064
1636,0.847431
1637,0.831010
1638,0.877023
1639,0.823794
1640,0.855530
1641,0.855587
1642,0.848123
1643,0.857629
1644,0.880573
1645,0.851685
1646,0.879857
1647,0.859537
1648,0.835005
1649,0.864366
1650,0.857849
1651,0.857694
1652,0.865056
1653,0.868756
1654,0.874681
1655,0.858871
1656,0.843215
1657,0.845771
1658,0.853917
1659,0.859324
1660,0.833875
1661,0.875258
1662,0.833942
1663,0.866661
1664,0.861374
1665,0.874250
1666,0.831658
1667,0.851109
1668,0.841230
1669,0.871861
1670,0.865184
1671,0.856341
1672,0.866766
1673,0.871027
1674,0.848287
1675,0.866753
1676,0.849112
1677,0.858621
1678,0.877013
1679,0.879351
1680,0.868888
1681,0.872269
1682,0.866826
1683,0.873271
1684,0.871992
1685,0.870334
1686,0.865719
1687,0.886284
1688,0.873890
1689,0.861316
1690,0.856267
1691,0.838109
1692,0.843109
1693,0.847735
1694,0.827486
1695,0.815505
1696,0.840568
1697,0.821647
1698,0.842029
1699,0.808840
1700,0.793673
1701,0.816970
1702,0.798843
1703,0.803922
1704,0.810517
1705,0.816815
1706,0.841376
1707,0.846622
1708,0.853859
1709,0.834464
1710,0.853817
1711,0.810240
1712,0.853703
1713,0.841274
1714,0.818945
1715,0.850573
1716,0.854597
1717,0.832556
1718,0.821261
1719,0.836805
1720,0.831218
1721,0.830075
1722,0.844503
1723,0.842670
1724,0.854241
1725,0.847470
1726,0.825305
1727,0.823798
1728,0.842298
1729,0.838451
1730,0.808400
1731,0.813879
1732,0.811251
1733,0.820643
1734,0.830143
1735,0.862586
1736,0.864887
1737,0.849004
1738,0.845920
1739,0.853131
1740,0.872785
1741,0.852449
1742,0.843201
1743,0.840932
1744,0.840863
1745,0.855226
1746,0.865212
1747,0.880577
1748,0.880846
1749,0.868949
1750,0.868830
1751,0.862148
1752,0.863916
1753,0.858885
1754,0.856148
1755,0.860532
1756,0.871754
1757,0.875259
1758,0.874250
1759,0.879457
1760,0.851116
1761,0.866527
1762,0.871953
1763,0.862056
1764,0.862883
1765,0.861394
1766,0.852464
1767,0.865518
1768,0.876129
1769,0.858802
1770,0.874083
1771,0.841344
1772,0.879505
1773,0.864452
1774,0.851044
1775,0.853214
1776,0.839498
1777,0.842257
1778,0.810292
1779,0.849929
1780,0.845482
1781,0.834373
1782,0.823153
1783,0.833720
1784,0.821116
1785,0.838925
1786,0.833371
1787,0.827490
1788,0.835013
1789,0.815099
1790,0.813543
1791,0.837010
1792,0.837760
1793,0.840329
1794,0.836396
1795,0.833973
1796,0.843150
1797,0.844347
1798,0.845782
1799,0.862199
1800,0.851118
1801,0.865951
1802,0.866705
1803,0.844651
1804,0.864571
1805,0.859400
1806,0.847805
1807,0.825725
1808,0.845910
1809,0.825373
1810,0.854734
1811,0.841861
1812,0.846484
1813,0.861959
1814,0.873939
1815,0.868633
1816,0.857762
1817,0.867083
1818,0.852791
1819,0.856554
1820,0.828779
1821,0.855490
1822,0.844662
1823,0.817625
1824,0.853772
1825,0.854084
1826,0.826576
1827,0.843510
1828,0.833548
1829,0.854985
1830,0.845857
1831,0.832732
1832,0.847609
1833,0.849148
1834,0.836908
1835,0.831944
1836,0.836879
1837,0.850474
1838,0.866790
1839,0.860398
1840,0.868306
1841,0.866198
1842,0.847614
1843,0.846639
1844,0.852048
1845,0.854989
1846,0.836673
1847,0.847706
1848,0.863428
1849,0.860470
1850,0.866420
1851,0.871775
1852,0.866727
1853,0.856595
1854,0.869360
1855,0.852036
1856,0.865095
1857,0.854907
1858,0.869760
1859,0.844317
1860,0.856663
1861,0.851468
1862,0.844473
1863,0.817218
1864,0.839159
1865,0.846671
1866,0.858327
1867,0.844272
1868,0.848540
1869,0.867146
1870,0.839238
1871,0.835160
1872,0.832968
1873,0.859546
1874,0.845826
1875,0.840033
1876,0.849172
1877,0.871057
1878,0.882885
1879,0.875570
1880,0.860773
1881,0.861786
1882,0.875379
1883,0.863644
1884,0.860301
1885,0.847042
1886,0.854705
1887,0.845361
1888,0.865850
1889,0.854512
1890,0.859432
1891,0.867949
1892,0.885578
1893,0.864363
1894,0.868977
1895,0.856863
1896,0.863495
1897,0.839169
1898,0.855979
1899,0.850880
1900,0.830637
1901,0.866543
1902,0.868126
1903,0.859476
1904,0.833900
1905,0.851885
1906,0.852478
1907,0.868265
1908,0.852407
1909,0.845653
1910,0.864344
1911,0.863444
1912,0.850159
1913,0.843668
1914,0.857664
1915,0.850597
1916,0.867064
1917,0.865500
1918,0.868624
1919,0.878237
1920,0.845373
1921,0.840426
1922,0.848571
1923,0.850553
1924,0.816224
1925,0.832277
1926,0.856561
1927,0.853846
1928,0.830697
1929,0.830087
1930,0.850655
1931,0.852558
1932,0.842655
1933,0.869735
1934,0.862884
1935,0.862490
1936,0.840175
1937,0.848445
1938,0.870370
1939,0.856693
1940,0.832507
1941,0.848073
1942,0.868072
1943,0.858372
1944,0.852442
1945,0.864077
1946,0.868083
1947,0.855583
1948,0.845413
1949,0.873245
1950,0.860428
1951,0.834847
1952,0.841521
1953,0.868419
1954,0.843205
1955,0.851946
1956,0.863313
1957,0.873456
1958,0.855786
1959,0.847480
1960,0.849555
1961,0.874791
1962,0.845672
1963,0.842895
1964,0.829982
1965,0.854289
1966,0.862875
1967,0.867936
1968,0.838171
1969,0.858899
1970,0.854711
1971,0.841637
1972,0.868568
1973,0.876822
1974,0.843760
1975,0.852630
1976,0.833242
1977,0.851692
1978,0.848971
1979,0.877860
1980,0.864872
1981,0.848983
1982,0.872438
1983,0.875333
1984,0.865119
1985,0.880277
1986,0.886126
1987,0.876758
1988,0.861350
1989,0.885636
1990,0.888414
1991,0.885886
1992,0.893202
1993,0.872474
1994,0.877182
1995,0.882760
1996,0.875998
1997,0.888187
1998,0.876320
1999,0.877902
2000,0.880197
2001,0.892565
2002,0.873375
2003,0.878169
2004,0.881476
2005,0.892169
2006,0.879725
2007,0.847745
2008,0.884658
2009,0.882227
2010,0.866364
2011,0.857883
2012,0.878182
2013,0.858627
2014,0.881840
2015,0.884626
2016,0.880865
2017,0.880495
2018,0.877276
2019,0.870588
2020,0.867785
2021,0.872108
2022,0.872659
2023,0.854860
2024,0.875589
2025,0.876601
2026,0.883123
2027,0.876045
2028,0.894142
2029,0.893737
2030,0.888337
2031,0.892934
2032,0.858747
2033,0.890607
2034,0.878400
2035,0.883847
2036,0.885393
2037,0.888091
2038,0.876838
2039,0.896352
2040,0.883629
2041,0.893103
2042,0.902247
2043,0.854122
2044,0.897197
2045,0.880798
2046,0.891283
2047,0.871338
2048,0.883906
2049,0.880192
2050,0.882787
2051,0.894182
2052,0.878554
2053,0.879604
2054,0.879574
2055,0.882288
2056,0.890806
2057,0.877498
2058,0.878206
2059,0.880186
2060,0.894574
2061,0.876224
2062,0.881496
2063,0.880716
2064,0.895351
2065,0.877296
2066,0.856412
2067,0.889164
2068,0.884084
2069,0.840083
2070,0.876315
2071,0.885801
2072,0.864829
2073,0.858279
2074,0.865480
2075,0.877774
2076,0.853639
2077,0.861650
2078,0.850753
2079,0.872717
2080,0.877884
2081,0.873206
2082,0.853414
2083,0.823481
2084,0.854851
2085,0.834539
2086,0.874079
2087,0.875756
2088,0.887211
2089,0.894526
2090,0.889348
2091,0.886489
2092,0.893639
2093,0.878851
2094,0.888467
2095,0.866007
2096,0.881850
2097,0.875496
2098,0.886641
2099,0.880662
2100,0.898094
2101,0.885109
2102,0.885402
2103,0.898108
2104,0.850459
2105,0.881844
2106,0.876510
2107,0.866923
2108,0.860892
2109,0.861508
2110,0.860007
2111,0.826617
2112,0.856721
2113,0.864926
2114,0.847377
2115,0.850952
2116,0.834652
2117,0.871261
2118,0.835489
2119,0.853657
2120,0.870682
2121,0.865979
2122,0.852667
2123,0.852835
2124,0.867345
2125,0.871545
2126,0.853703
2127,0.859240
2128,0.843396
2129,0.839099
2130,0.821728
2131,0.803092
2132,0.821379
2133,0.836240
2134,0.828186
2135,0.853868
2136,0.863920
2137,0.844588
2138,0.819604
2139,0.821890
2140,0.833618
2141,0.829038
2142,0.862401
2143,0.858905
2144,0.847096
2145,0.869543
2146,0.837901
2147,0.826803
2148,0.833896
2149,0.826346
2150,0.869882
2151,0.869496
2152,0.838711
2153,0.868400
2154,0.835551
2155,0.832296
2156,0.842339
2157,0.859622
2158,0.854863
2159,0.839984
2160,0.863655
2161,0.853208
2162,0.861558
2163,0.870574
2164,0.876259
2165,0.859913
2166,0.836123
2167,0.848948
2168,0.833293
2169,0.860494
2170,0.849361
2171,0.851513
2172,0.869457
2173,0.871449
2174,0.866545
2175,0.872109
2176,0.864877
2177,0.856441
2178,0.872577
2179,0.855625
2180,0.816384
2181,0.819364
2182,0.830808
2183,0.833584
2184,0.829867
2185,0.819695
2186,0.825412
2187,0.848585
2188,0.837841
2189,0.842313
2190,0.846596
2191,0.841149
2192,0.855010
2193,0.849635
2194,0.859001
2195,0.861116
2196,0.857590
2197,0.862356
2198,0.849299
2199,0.857804
2200,0.873032
2201,0.857072
2202,0.850152
2203,0.832019
2204,0.840571
2205,0.825897
2206,0.866794
2207,0.839466
2208,0.843210
2209,0.855062
2210,0.841606
2211,0.852603
2212,0.845419
2213,0.850887
2214,0.826702
2215,0.862727
2216,0.841953
2217,0.802796
2218,0.806481
2219,0.832016
2220,0.808792
2221,0.827339
2222,0.842628
2223,0.853512
2224,0.857844
2225,0.832239
2226,0.846961
2227,0.836348
2228,0.850812
2229,0.859013
2230,0.864356
2231,0.861672
2232,0.871430
2233,0.872461
2234,0.864956
2235,0.864670
2236,0.853770
2237,0.861493
2238,0.857002
2239,0.853437
2240,0.860040
2241,0.866460
2242,0.855611
2243,0.849682
2244,0.857947
2245,0.855775
2246,0.853629
2247,0.865792
2248,0.875526
2249,0.871406
2250,0.884671
2251,0.870753
2252,0.876469
2253,0.868647
2254,0.863322
2255,0.872505
2256,0.867553
2257,0.864651
2258,0.863943
2259,0.877009
2260,0.849822
2261,0.886232
2262,0.873428
2263,0.886103
2264,0.872380
2265,0.863709
2266,0.879970
2267,0.871941
2268,0.866878
2269,0.870849
2270,0.877997
2271,0.883014
2272,0.892181
2273,0.866301
2274,0.886429
2275,0.877518
2276,0.886053
2277,0.885727
2278,0.881324
2279,0.891292
2280,0.891110
2281,0.864396
2282,0.899079
2283,0.880639
2284,0.895559
2285,0.879753
2286,0.890569
2287,0.886070
2288,0.877582
2289,0.888076
2290,0.884180
2291,0.875084
2292,0.902424
2293,0.868877
2294,0.888718
2295,0.868401
2296,0.883496
2297,0.880025
2298,0.883718
2299,0.875221
2300,0.884549
2301,0.879517
2302,0.893521
2303,0.875837
2304,0.897544
2305,0.886185
2306,0.884162
2307,0.892759
2308,0.892303
2309,0.896447
2310,0.899411
2311,0.874459
2312,0.860384
2313,0.894321
2314,0.879949
2315,0.901038
2316,0.900957
2317,0.866493
2318,0.889151
2319,0.890501
2320,0.894765
2321,0.896218
2322,0.880539
2323,0.878104
2324,0.901593
2325,0.878454
2326,0.893310
2327,0.886864
2328,0.868418
2329,0.879090
2330,0.879794
2331,0.873089
2332,0.873345
2333,0.885378
2334,0.875763
2335,0.888781
2336,0.872432
2337,0.881915
2338,0.879031
2339,0.849501
2340,0.845730
2341,0.832381
2342,0.838378
2343,0.848046
2344,0.851571
2345,0.850679
2346,0.869713
2347,0.850915
2348,0.878423
2349,0.887564
2350,0.868805
2351,0.861160
2352,0.876535
2353,0.866066
2354,0.860486
2355,0.843057
2356,0.850788
2357,0.844802
2358,0.853530
2359,0.859950
2360,0.869254
2361,0.843306
2362,0.868307
2363,0.846190
2364,0.867084
2365,0.871904
2366,0.866845
2367,0.861368
2368,0.867824
2369,0.867072
2370,0.870787
2371,0.869322
2372,0.860202
2373,0.876989
2374,0.871759
2375,0.869581
2376,0.871001
2377,0.833407
2378,0.859280
2379,0.868101
2380,0.873425
2381,0.869119
2382,0.876220
2383,0.892581
2384,0.887855
2385,0.881112
2386,0.863262
2387,0.885561
2388,0.885902
2389,0.898907
2390,0.889629
2391,0.870080
2392,0.872129
2393,0.870481
2394,0.885393
2395,0.883868
2396,0.881931
2397,0.861665
2398,0.877307
2399,0.893553
2400,0.878756
2401,0.887354
2402,0.877022
2403,0.874879
2404,0.871673
2405,0.886494
2406,0.894758
2407,0.891523
2408,0.881883
2409,0.851665
2410,0.871628
2411,0.875168
2412,0.886911
2413,0.881856
2414,0.850284
2415,0.878364
2416,0.885298
2417,0.872395
2418,0.876317
2419,0.881900
2420,0.880401
2421,0.884313
2422,0.862395
2423,0.900864
2424,0.900983
2425,0.894144
2426,0.859296
2427,0.877490
2428,0.872882
2429,0.886505
2430,0.896355
2431,0.893558
2432,0.885465
2433,0.859253
2434,0.874570
2435,0.864987
2436,0.885649
2437,0.896429
2438,0.894853
2439,0.891406
2440,0.861426
2441,0.877589
2442,0.874719
2443,0.887849
2444,0.895861
2445,0.894612
2446,0.890369
2447,0.866318
2448,0.880130
2449,0.881197
2450,0.888928
2451,0.891492
2452,0.887601
2453,0.893386
2454,0.872646
2455,0.883924
2456,0.882639
2457,0.866091
2458,0.892829
2459,0.889980
2460,0.894073
2461,0.879573
2462,0.884709
2463,0.883650
2464,0.879489
2465,0.894147
2466,0.888307
2467,0.895732
2468,0.876126
2469,0.886613
2470,0.885652
2471,0.885327
2472,0.899486
2473,0.896448
2474,0.895952
2475,0.872088
2476,0.887203
2477,0.889324
2478,0.884558
2479,0.900957
2480,0.890031
2481,0.897674
2482,0.883573
2483,0.883516
2484,0.888534
2485,0.889243
2486,0.896564
2487,0.898260
2488,0.898062
2489,0.885982
2490,0.879161
2491,0.888921
2492,0.885255
2493,0.904584
2494,0.895441
2495,0.899252
2496,0.879199
2497,0.874882
2498,0.891729
2499,0.867473
2500,0.896416
2501,0.890486
2502,0.899591
2503,0.876568
2504,0.878776
2505,0.894587
2506,0.892932
2507,0.901630
2508,0.888518
2509,0.900061
2510,0.879071
2511,0.888678
2512,0.892149
2513,0.887575
2514,0.898414
2515,0.889809
2516,0.901616
2517,0.883356
2518,0.878302
2519,0.890892
2520,0.899040
2521,0.899541
2522,0.895135
2523,0.901382
2524,0.882602
2525,0.874663
2526,0.892229
2527,0.882626
2528,0.890548
2529,0.885964
2530,0.901707
2531,0.878305
2532,0.883835
2533,0.897278
2534,0.887460
2535,0.906854
2536,0.887297
2537,0.902385
2538,0.882914
2539,0.886726
2540,0.895002
2541,0.886144
2542,0.894386
2543,0.893653
2544,0.902276
2545,0.882594
2546,0.889843
2547,0.891563
2548,0.889069
2549,0.894312
2550,0.900479
2551,0.900522
2552,0.881176
2553,0.890011
2554,0.895338
2555,0.891544
2556,0.896544
2557,0.895820
2558,0.902522
2559,0.873814
2560,0.889110
2561,0.894508
2562,0.884165
2563,0.907175
2564,0.892340
2565,0.903802
2566,0.885239
2567,0.890312
2568,0.893106
2569,0.891331
2570,0.897475
2571,0.894630
2572,0.903884
2573,0.885860
2574,0.891784
2575,0.892405
2576,0.892515
2577,0.895460
2578,0.893242
2579,0.903139
2580,0.881365
2581,0.876857
2582,0.894871
2583,0.886569
2584,0.892025
2585,0.896477
2586,0.902878
2587,0.873683
2588,0.893046
2589,0.896631
2590,0.888666
2591,0.898539
2592,0.893246
2593,0.904063
2594,0.883106
2595,0.888453
2596,0.895524
2597,0.892381
2598,0.901149
2599,0.891646
2600,0.904259
2601,0.887019
2602,0.880771
2603,0.894701
2604,0.888392
2605,0.902600
2606,0.896916
2607,0.904762
2608,0.887958
2609,0.892992
2610,0.895717
2611,0.891218
2612,0.899045
2613,0.902328
2614,0.905696
2615,0.871896
2616,0.889212
2617,0.899778
2618,0.877801
2619,0.898675
2620,0.898398
2621,0.905334
2622,0.889319
2623,0.885140
2624,0.896709
2625,0.892848
2626,0.896580
2627,0.906792
2628,0.905592
2629,0.885797
2630,0.890210
2631,0.896115
2632,0.894720
2633,0.904551
2634,0.892503
2635,0.905282
2636,0.886517
2637,0.890090
2638,0.896718
2639,0.890226
2640,0.898763
2641,0.899692
2642,0.905868
2643,0.879517
2644,0.891332
2645,0.899179
2646,0.889612
2647,0.906014
2648,0.896656
2649,0.907237
2650,0.887770
2651,0.884310
2652,0.898736
2653,0.886973
2654,0.896955
2655,0.906427
2656,0.907682
2657,0.890063
2658,0.885337
2659,0.897652
2660,0.893500
2661,0.901810
2662,0.900751
2663,0.906485
2664,0.890089
2665,0.888393
2666,0.897957
2667,0.893131
2668,0.897684
2669,0.903609
2670,0.907036
2671,0.876838
2672,0.893780
2673,0.900648
2674,0.889262
2675,0.904601
2676,0.905386
2677,0.907604
2678,0.888753
2679,0.874737
2680,0.899126
2681,0.898453
2682,0.894042
2683,0.894934
2684,0.908199
2685,0.890578
2686,0.890322
2687,0.898008
2688,0.894255
2689,0.904643
2690,0.894995
2691,0.907018
2692,0.889095
2693,0.884097
2694,0.897968
2695,0.890911
2696,0.898874
2697,0.898591
2698,0.907411
2699,0.884634
2700,0.890723
2701,0.901172
2702,0.888239
2703,0.901297
2704,0.897732
2705,0.908710
2706,0.888433
2707,0.887303
2708,0.903496
2709,0.896862
2710,0.899311
2711,0.899640
2712,0.909014
2713,0.890467
2714,0.888576
2715,0.898769
2716,0.896547
2717,0.901900
2718,0.896529
2719,0.906912
2720,0.891528
2721,0.894314
2722,0.899576
2723,0.894673
2724,0.907166
2725,0.905534
2726,0.908344
2727,0.882522
2728,0.892738
2729,0.903172
2730,0.895950
2731,0.900380
2732,0.898069
2733,0.908954
2734,0.891578
2735,0.884597
2736,0.903224
