pos,layer,n,e0,e1,e2,e3,e4,e5
74,3,6,119,60,48,118,226,108
74,4,6,16,8,97,119,141,196
74,5,6,169,164,249,20,12,63
74,6,6,4,111,1,51,183,53
74,7,6,135,140,105,141,54,122
74,8,6,115,200,202,103,126,185
74,9,6,235,15,242,216,86,28
74,10,6,40,11,214,84,43,61
74,11,6,35,222,89,232,85,133
74,12,6,142,43,185,210,122,105
74,13,6,14,107,4,100,170,9
74,14,6,235,49,1,99,73,248
74,15,6,176,104,213,79,66,9
74,16,6,179,255,155,205,61,57
74,17,6,236,61,108,104,222,14
74,18,6,166,209,246,208,183,206
74,19,6,60,85,181,226,193,81
74,20,6,187,191,45,40,219,130
74,21,6,49,145,28,75,80,34
74,22,6,239,156,119,112,138,0
74,23,6,233,129,118,165,141,5
74,24,6,209,67,112,186,58,139
74,25,6,176,133,71,219,92,158
74,26,6,11,53,39,191,201,61
74,27,6,222,152,140,166,62,39
74,28,6,7,170,152,101,72,202
74,29,6,238,81,2,66,140,192
74,30,6,206,236,91,229,67,167
74,31,6,175,234,97,241,45,35
74,32,6,214,81,193,17,180,52
74,33,6,158,55,212,127,80,143
74,34,6,193,120,207,227,20,237
74,35,6,99,8,34,216,170,164
74,36,6,156,144,16,25,90,241
74,37,6,38,210,196,106,128,29
74,38,6,110,253,238,152,138,217
74,39,6,202,66,234,111,178,34
74,40,6,26,78,188,117,206,240
74,41,6,226,133,165,77,233,97
74,42,6,97,54,0,207,143,90
75,3,6,60,74,165,117,1,134
75,4,6,156,181,8,16,233,119
75,5,6,169,249,161,63,134,20
75,6,6,111,51,1,185,53,138
75,7,6,135,122,105,140,73,175
75,8,6,115,200,237,56,18,103
75,9,6,242,235,216,241,57,80
75,10,6,40,11,86,97,152,126
75,11,6,232,26,16,35,229,161
75,12,6,142,185,122,210,43,140
75,13,6,14,170,148,15,74,38
75,14,6,235,49,99,1,245,248
75,15,6,176,104,9,213,127,129
75,16,6,179,144,255,188,138,227
75,17,6,61,222,104,108,194,14
75,18,6,166,209,185,246,206,160
75,19,6,79,67,81,73,60,181
75,20,6,45,187,36,129,219,40
75,21,6,145,17,49,75,46,47
75,22,6,119,79,156,135,255,138
75,23,6,233,155,70,141,5,14
75,24,6,209,112,177,67,0,130
75,25,6,176,71,219,92,133,13
75,26,6,39,3,53,61,201,11
75,27,6,68,119,152,166,62,168
75,28,6,152,170,7,189,94,101
75,29,6,238,66,131,44,202,192
75,30,6,197,135,91,219,253,229
75,31,6,243,241,45,129,97,35
75,32,6,81,214,103,193,7,125
75,33,6,158,55,80,39,212,181
75,34,6,120,227,20,176,193,186
75,35,6,99,34,105,84,194,170
75,36,6,90,25,16,241,95,156
75,37,6,38,128,196,126,69,118
75,38,6,110,238,186,35,143,99
75,39,6,178,111,134,202,190,66
75,40,6,26,206,232,117,188,22
75,41,6,239,133,6,112,83,247
75,42,6,97,210,68,209,237,155
76,3,6,60,101,116,191,74,165
76,4,6,198,127,97,224,233,8
76,5,6,180,169,63,161,44,131
76,6,6,111,51,1,174,138,95
76,7,6,135,122,238,140,125,195
76,8,6,115,200,172,39,103,56
76,9,6,242,80,235,215,216,4
76,10,6,40,11,232,86,152,214
76,11,6,26,173,232,119,16,85
76,12,6,185,142,122,210,43,14
76,13,6,14,170,74,38,15,19
76,14,6,235,49,1,99,242,245
76,15,6,176,104,213,183,92,17
76,16,6,179,144,255,176,84,20
76,17,6,61,3,104,222,200,110
76,18,6,166,209,167,185,160,163
76,19,6,67,224,181,60,79,81
76,20,6,36,45,129,40,187,250
76,21,6,156,47,17,254,202,76
76,22,6,61,135,79,255,66,220
76,23,6,155,108,141,23,101,5
76,24,6,209,112,177,190,118,124
76,25,6,176,71,92,253,183,220
76,26,6,39,3,4,166,79,141
76,27,6,102,62,152,119,222,77
76,28,6,170,7,189,152,229,94
76,29,6,98,238,66,30,202,131
76,30,6,8,43,253,67,229,37
76,31,6,129,237,241,198,202,106
76,32,6,81,221,214,161,125,7
76,33,6,158,25,181,251,80,172
76,34,6,120,227,176,20,81,22
76,35,6,99,34,201,105,84,90
76,36,6,16,25,241,90,1,95
76,37,6,38,196,13,30,224,222
76,38,6,110,238,186,152,35,219
76,39,6,29,178,223,52,11,79
76,40,6,26,206,232,188,117,201
76,41,6,6,133,83,112,44,23
76,42,6,97,237,68,60,3,70
77,3,6,60,237,83,74,138,150
77,4,6,127,32,233,24,16,119
77,5,6,20,63,180,86,113,252
77,6,6,213,16,51,188,111,124
77,7,6,12,122,141,132,238,137
77,8,6,185,175,200,25,191,43
77,9,6,104,235,26,184,68,54
77,10,6,40,113,150,11,175,207
77,11,6,173,26,119,128,127,144
77,12,6,185,122,140,210,186,134
77,13,6,38,74,170,210,164,40
77,14,6,235,99,1,242,81,248
77,15,6,176,71,96,64,104,92
77,16,6,85,84,144,227,138,179
77,17,6,41,3,222,35,110,93
77,18,6,48,160,209,185,176,166
77,19,6,136,140,219,44,213,134
77,20,6,225,45,40,91,11,110
77,21,6,131,155,130,75,235,84
77,22,6,153,61,135,220,66,126
77,23,6,141,213,153,245,108,23
77,24,6,190,112,189,209,118,124
77,25,6,206,176,253,92,180,46
77,26,6,39,91,79,166,53,3
77,27,6,168,62,106,102,118,119
77,28,6,7,229,189,170,94,222
77,29,6,98,85,238,202,66,79
77,30,6,67,129,43,9,246,49
77,31,6,129,237,241,105,180,45
77,32,6,221,81,174,179,125,158
77,33,6,143,55,158,181,80,53
77,34,6,120,167,195,227,176,81
77,35,6,99,157,107,105,43,28
77,36,6,16,241,3,1,239,26
77,37,6,38,13,222,7,76,233
77,38,6,110,186,238,216,65,35
77,39,6,111,178,66,11,206,33
77,40,6,26,232,188,117,206,243
77,41,6,112,133,83,247,42,236
77,42,6,97,68,210,3,59,221
78,3,6,60,150,74,213,241,183
78,4,6,16,201,119,97,233,177
78,5,6,20,96,86,161,211,63
78,6,6,213,146,188,1,53,199
78,7,6,241,238,12,122,105,36
78,8,6,175,185,200,91,25,43
78,9,6,184,26,173,69,206,235
78,10,6,11,45,150,40,161,175
78,11,6,173,26,119,247,40,204
78,12,6,140,230,186,122,185,210
78,13,6,38,74,185,40,170,148
78,14,6,99,235,242,1,126,49
78,15,6,134,71,176,246,92,36
78,16,6,115,144,85,43,84,176
78,17,6,3,208,140,68,222,241
78,18,6,160,253,48,163,209,205
78,19,6,140,64,101,111,136,19
78,20,6,40,181,45,215,110,225
78,21,6,210,131,45,9,48,241
78,22,6,153,135,220,66,29,156
78,23,6,141,160,23,182,213,5
78,24,6,112,190,231,189,118,209
78,25,6,176,92,81,206,39,46
78,26,6,39,166,91,229,3,53
78,27,6,62,12,222,119,152,104
78,28,6,7,151,170,189,163,142
78,29,6,85,202,98,238,139,79
78,30,6,43,7,67,246,49,72
78,31,6,129,237,54,106,241,227
78,32,6,221,81,141,125,214,7
78,33,6,143,55,212,220,158,181
78,34,6,120,167,8,227,198,247
78,35,6,99,238,235,210,107,55
78,36,6,241,16,1,174,90,83
78,37,6,38,157,76,233,7,29
78,38,6,65,110,238,186,236,3
78,39,6,87,178,111,93,66,150
78,40,6,26,232,169,206,117,188
78,41,6,112,133,83,35,236,247
78,42,6,97,68,210,155,72,0
79,3,6,150,245,184,60,241,133
79,4,6,16,100,97,177,119,108
79,5,6,20,211,86,63,252,230
79,6,6,213,184,146,199,111,21
79,7,6,238,241,12,105,122,36
79,8,6,175,185,90,43,200,191
79,9,6,184,173,35,106,26,63
79,10,6,45,127,161,11,150,216
79,11,6,173,207,26,112,119,247
79,12,6,108,230,111,227,242,140
79,13,6,38,74,237,98,82,148
79,14,6,99,199,1,249,235,196
79,15,6,246,109,83,134,176,39
79,16,6,85,84,227,144,53,115
79,17,6,241,208,68,140,3,138
79,18,6,160,232,253,48,112,225
79,19,6,20,140,19,23,111,116
79,20,6,40,181,45,253,228,9
79,21,6,131,210,43,45,9,146
79,22,6,153,66,135,44,220,255
79,23,6,141,182,23,213,131,218
79,24,6,166,190,142,209,112,186
79,25,6,176,92,220,163,226,46
79,26,6,39,91,53,166,253,3
79,27,6,148,12,62,152,102,77
79,28,6,170,151,7,152,174,94
79,29,6,85,98,66,238,202,213
79,30,6,43,67,9,72,38,21
79,31,6,237,241,129,80,97,54
79,32,6,81,221,214,204,158,7
79,33,6,143,55,158,80,212,147
79,34,6,120,167,19,227,8,20
79,35,6,99,107,207,235,43,143
79,36,6,16,241,174,90,83,188
79,37,6,38,157,76,233,13,35
79,38,6,110,238,186,3,236,152
79,39,6,178,111,66,87,202,93
79,40,6,26,206,117,232,188,150
79,41,6,133,112,83,6,29,13
79,42,6,97,68,210,127,72,83
80,3,6,60,74,150,105,237,137
80,4,6,16,119,32,39,233,77
80,5,6,20,96,134,63,86,149
80,6,6,168,242,95,64,195,92
80,7,6,194,105,241,135,238,78
80,8,6,179,175,200,43,185,189
80,9,6,150,185,173,85,216,235
80,10,6,10,33,86,216,11,40
80,11,6,173,247,98,26,119,115
80,12,6,142,111,185,154,122,14
80,13,6,74,107,38,14,185,170
80,14,6,99,235,223,1,248,242
80,15,6,246,176,190,109,154,125
80,16,6,85,173,84,179,176,227
80,17,6,157,3,93,68,241,144
80,18,6,160,163,209,37,112,79
80,19,6,111,136,226,170,253,213
80,20,6,40,22,45,215,14,60
80,21,6,210,135,235,203,130,1
80,22,6,153,220,119,66,135,255
80,23,6,141,218,182,108,252,168
80,24,6,155,112,190,189,209,216
80,25,6,176,92,206,46,71,220
80,26,6,39,166,53,91,3,138
80,27,6,12,62,168,119,106,77
80,28,6,7,170,198,94,151,152
80,29,6,85,207,66,239,238,180
80,30,6,72,43,0,91,67,21
80,31,6,237,241,129,106,97,180
80,32,6,81,158,221,214,105,177
80,33,6,143,55,158,212,19,251
80,34,6,120,167,227,8,20,176
80,35,6,99,25,133,194,107,235
80,36,6,241,83,25,174,108,16
80,37,6,38,118,13,133,35,76
80,38,6,110,238,186,3,236,76
80,39,6,66,75,111,217,11,106
80,40,6,26,232,188,117,206,205
80,41,6,133,112,138,155,77,83
80,42,6,97,210,68,203,83,160
81,3,6,60,74,138,237,28,180
81,4,6,32,119,39,233,16,4
81,5,6,20,96,63,211,86,240
81,6,6,168,64,213,111,242,89
81,7,6,241,238,251,135,78,153
81,8,6,175,200,43,179,185,191
81,9,6,173,150,65,235,184,130
81,10,6,10,40,11,136,216,150
81,11,6,173,26,119,16,98,214
81,12,6,185,142,154,210,186,205
81,13,6,38,74,170,107,148,98
81,14,6,99,235,242,1,49,248
81,15,6,176,104,71,42,92,80
81,16,6,144,179,176,84,56,227
81,17,6,3,61,14,200,93,149
81,18,6,166,185,160,8,209,225
81,19,6,111,136,148,81,208,170
81,20,6,45,215,40,187,11,22
81,21,6,131,210,145,252,155,94
81,22,6,66,135,215,126,61,220
81,23,6,141,153,168,252,14,130
81,24,6,209,190,124,166,177,112
81,25,6,176,54,71,46,92,133
81,26,6,39,3,240,91,78,4
81,27,6,119,134,62,152,168,77
81,28,6,196,229,152,94,176,7
81,29,6,85,238,66,60,188,202
81,30,6,0,91,12,67,21,18
81,31,6,237,241,97,129,43,45
81,32,6,174,81,214,221,136,79
81,33,6,55,158,143,229,80,48
81,34,6,120,167,227,20,8,195
81,35,6,99,34,25,131,105,107
81,36,6,25,16,90,133,159,120
81,37,6,38,13,128,196,211,173
81,38,6,110,238,151,3,155,86
81,39,6,111,178,147,75,202,106
81,40,6,26,206,117,232,188,178
81,41,6,112,133,83,6,131,148
81,42,6,97,68,210,127,224,160
82,3,6,223,101,227,60,191,143
82,4,6,237,53,233,16,97,39
82,5,6,107,63,161,20,149,226
82,6,6,20,111,90,138,51,1
82,7,6,248,135,105,122,61,140
82,8,6,202,200,115,179,74,161
82,9,6,99,242,80,235,150,215
82,10,6,33,138,10,86,105,40
82,11,6,98,2,119,247,16,232
82,12,6,142,122,239,185,25,222
82,13,6,3,14,15,107,115,194
82,14,6,235,1,61,49,99,245
82,15,6,176,165,104,75,111,154
82,16,6,179,176,85,112,138,227
82,17,6,3,61,93,222,68,234
82,18,6,166,209,157,163,167,160
82,19,6,30,154,181,81,111,123
82,20,6,205,251,45,36,60,40
82,21,6,210,145,194,254,83,60
82,22,6,76,33,66,119,220,75
82,23,6,177,141,182,155,108,63
82,24,6,190,112,209,118,216,155
82,25,6,176,163,92,174,17,71
82,26,6,39,228,166,229,118,237
82,27,6,62,152,77,181,134,12
82,28,6,170,7,152,189,94,41
82,29,6,66,180,202,101,79,238
82,30,6,43,248,19,72,116,67
82,31,6,80,129,241,97,43,180
82,32,6,81,214,221,158,7,95
82,33,6,18,55,251,143,158,25
82,34,6,120,167,227,6,176,20
82,35,6,99,254,34,156,2,107
82,36,6,174,241,16,25,62,127
82,37,6,38,13,118,76,132,210
82,38,6,110,238,186,3,152,147
82,39,6,111,178,202,66,223,34
82,40,6,26,206,117,232,150,188
82,41,6,112,133,83,13,6,226
82,42,6,97,68,210,127,223,83
83,3,6,60,26,74,138,134,210
83,4,6,227,233,119,32,4,172
83,5,6,20,96,179,63,245,109
83,6,6,145,3,95,213,64,168
83,7,6,194,241,12,238,105,192
83,8,6,179,175,185,55,43,200
83,9,6,221,185,130,173,26,150
83,10,6,203,197,94,33,216,11
83,11,6,173,26,98,119,247,219
83,12,6,185,142,170,111,186,14
83,13,6,115,38,129,74,40,28
83,14,6,235,99,1,223,242,156
83,15,6,176,246,154,104,183,92
83,16,6,85,173,84,29,179,43
83,17,6,87,83,3,93,68,157
83,18,6,160,37,163,79,107,8
83,19,6,136,123,111,158,170,101
83,20,6,40,22,45,215,93,11
83,21,6,210,42,235,251,145,222
83,22,6,66,153,220,135,61,127
83,23,6,58,141,30,5,206,252
83,24,6,190,209,112,124,118,75
83,25,6,176,71,92,54,46,253
83,26,6,39,91,166,3,4,53
83,27,6,12,174,168,134,62,181
83,28,6,196,229,94,7,198,152
83,29,6,85,238,66,188,202,60
83,30,6,0,21,91,67,116,120
83,31,6,237,241,97,129,43,45
83,32,6,81,174,221,214,79,177
83,33,6,143,55,158,229,215,80
83,34,6,120,167,227,8,69,195
83,35,6,99,34,133,17,129,62
83,36,6,25,16,133,90,120,159
83,37,6,38,196,128,13,211,233
83,38,6,110,238,151,155,221,63
83,39,6,111,178,147,66,202,217
83,40,6,26,117,206,126,232,188
83,41,6,133,112,83,30,169,152
83,42,6,97,68,210,224,209,127
84,3,6,166,134,111,60,150,213
84,4,6,233,16,24,32,97,161
84,5,6,20,63,86,209,211,252
84,6,6,111,51,64,138,1,213
84,7,6,135,122,105,238,251,12
84,8,6,200,115,185,179,175,25
84,9,6,242,216,235,215,184,185
84,10,6,40,86,175,11,150,216
84,11,6,173,26,119,232,16,204
84,12,6,185,142,122,210,205,14
84,13,6,15,170,38,40,14,74
84,14,6,235,1,49,99,156,248
84,15,6,176,104,140,129,183,71
84,16,6,85,179,227,176,144,168
84,17,6,222,3,61,93,119,211
84,18,6,209,166,160,225,185,163
84,19,6,81,111,60,163,140,171
84,20,6,45,60,40,93,187,146
84,21,6,145,210,49,130,146,235
84,22,6,119,135,156,220,66,255
84,23,6,141,155,94,23,252,182
84,24,6,190,209,124,177,216,189
84,25,6,176,46,92,54,189,133
84,26,6,39,4,53,91,78,253
84,27,6,119,77,62,152,168,166
84,28,6,229,152,151,94,7,189
84,29,6,238,66,202,79,139,85
84,30,6,67,229,91,18,248,12
84,31,6,97,237,241,129,180,45
84,32,6,81,221,174,158,179,177
84,33,6,55,158,25,80,143,147
84,34,6,120,227,195,243,167,176
84,35,6,99,34,238,105,43,131
84,36,6,25,16,90,239,95,1
84,37,6,38,196,13,233,210,199
84,38,6,110,151,238,147,152,3
84,39,6,178,202,111,223,176,11
84,40,6,26,206,117,201,232,22
84,41,6,133,6,83,112,29,233
84,42,6,97,68,210,237,127,209
85,3,6,60,166,74,111,150,134
85,4,6,16,97,161,233,3,24
85,5,6,169,20,86,161,209,252
85,6,6,111,1,51,138,146,64
85,7,6,122,105,135,238,12,241
85,8,6,115,200,175,25,185,191
85,9,6,242,185,26,215,235,173
85,10,6,40,11,86,153,175,33
85,11,6,232,247,16,26,173,204
85,12,6,142,122,210,185,205,154
85,13,6,14,15,170,74,148,107
85,14,6,235,248,49,1,99,245
85,15,6,176,104,129,140,183,92
85,16,6,179,56,227,168,84,176
85,17,6,61,104,222,3,68,119
85,18,6,209,166,225,160,48,185
85,19,6,60,81,136,116,140,111
85,20,6,40,187,146,45,93,253
85,21,6,49,145,146,235,130,210
85,22,6,119,135,156,220,61,153
85,23,6,155,141,23,94,252,5
85,24,6,209,124,112,118,190,177
85,25,6,176,92,133,46,54,189
85,26,6,53,39,3,78,166,4
85,27,6,166,152,168,222,62,119
85,28,6,152,7,170,94,151,222
85,29,6,66,238,79,202,139,98
85,30,6,91,229,67,12,248,43
85,31,6,241,45,129,180,97,237
85,32,6,214,174,81,179,221,177
85,33,6,158,55,143,25,181,80
85,34,6,120,227,167,243,195,20
85,35,6,99,34,105,43,131,238
85,36,6,25,16,90,95,1,239
85,37,6,196,38,13,199,233,29
85,38,6,110,151,238,147,152,186
85,39,6,178,223,202,11,176,111
85,40,6,26,206,117,201,232,18
85,41,6,6,83,133,112,29,247
85,42,6,97,68,237,127,210,209
86,3,6,60,134,74,111,166,150
86,4,6,16,97,161,119,3,24
86,5,6,20,86,169,211,209,252
86,6,6,51,138,111,1,64,213
86,7,6,122,135,105,238,12,137
86,8,6,115,200,175,25,185,43
86,9,6,185,242,26,184,235,215
86,10,6,40,153,11,175,86,150
86,11,6,173,26,232,16,247,204
86,12,6,122,185,14,210,142,205
86,13,6,38,74,14,40,170,148
86,14,6,235,1,242,49,99,248
86,15,6,176,104,92,71,129,140
86,16,6,85,179,144,84,176,227
86,17,6,222,3,61,104,211,93
86,18,6,209,166,160,48,185,225
86,19,6,136,60,111,81,140,163
86,20,6,40,45,187,146,93,253
86,21,6,146,49,145,235,155,130
86,22,6,135,220,119,156,153,255
86,23,6,155,141,23,94,252,182
86,24,6,189,209,190,112,124,118
86,25,6,176,92,46,189,54,133
86,26,6,53,39,3,166,253,78
86,27,6,166,168,102,62,119,222
86,28,6,152,189,229,7,94,170
86,29,6,66,238,139,202,98,79
86,30,6,67,91,12,229,43,248
86,31,6,241,180,45,129,106,237
86,32,6,81,174,221,179,158,214
86,33,6,143,158,55,80,25,212
86,34,6,120,167,227,243,176,195
86,35,6,99,34,105,131,107,43
86,36,6,16,25,95,90,1,239
86,37,6,196,38,233,29,13,199
86,38,6,110,151,238,147,152,236
86,39,6,66,178,176,202,223,11
86,40,6,26,201,232,117,206,22
86,41,6,133,83,247,6,29,112
86,42,6,97,209,237,68,72,210
87,3,6,60,74,150,111,134,166
87,4,6,119,32,16,161,24,3
87,5,6,20,86,209,211,252,63
87,6,6,64,51,213,138,1,188
87,7,6,105,251,137,12,241,135
87,8,6,179,25,191,175,115,43
87,9,6,185,26,215,235,242,173
87,10,6,175,150,153,86,33,216
87,11,6,247,232,173,204,26,16
87,12,6,122,14,185,142,205,210
87,13,6,14,15,74,148,38,170
87,14,6,1,235,49,156,248,242
87,15,6,104,92,176,129,140,183
87,16,6,85,227,179,168,84,176
87,17,6,222,93,3,211,119,61
87,18,6,209,160,48,225,163,166
87,19,6,136,171,116,163,60,140
87,20,6,40,187,253,45,60,93
87,21,6,131,146,49,235,130,155
87,22,6,119,153,135,156,220,255
87,23,6,23,155,5,94,141,252
87,24,6,189,209,190,112,124,216
87,25,6,176,46,189,92,220,54
87,26,6,53,253,78,91,4,166
87,27,6,166,168,119,222,77,102
87,28,6,152,229,94,189,222,170
87,29,6,66,139,238,202,98,79
87,30,6,12,91,229,67,248,43
87,31,6,180,241,45,129,106,237
87,32,6,81,174,221,158,179,214
87,33,6,143,55,158,80,25,147
87,34,6,167,227,243,120,195,176
87,35,6,99,107,34,131,238,105
87,36,6,16,239,90,95,25,1
87,37,6,196,38,233,199,29,210
87,38,6,110,151,238,147,236,152
87,39,6,66,178,176,223,11,202
87,40,6,26,201,206,232,117,188
87,41,6,133,6,247,233,83,112
87,42,6,97,209,210,72,237,3
88,3,6,60,138,74,111,150,134
88,4,6,119,16,32,24,97,3
88,5,6,86,20,211,209,63,252
88,6,6,64,213,188,51,138,146
88,7,6,105,251,137,241,135,12
88,8,6,25,175,179,115,191,185
88,9,6,185,26,173,242,215,235
88,10,6,175,150,153,40,216,11
88,11,6,232,204,119,247,16,26
88,12,6,122,210,205,154,14,185
88,13,6,38,148,170,74,14,15
88,14,6,235,1,245,242,49,248
88,15,6,246,92,140,104,129,176
88,16,6,85,227,168,176,144,179
88,17,6,222,93,68,119,104,61
88,18,6,209,48,160,163,225,167
88,19,6,136,116,111,140,163,171
88,20,6,40,215,60,253,187,45
88,21,6,131,146,49,130,235,210
88,22,6,153,119,135,66,156,220
88,23,6,141,252,182,5,23,94
88,24,6,189,209,190,118,112,124
88,25,6,176,46,92,189,220,54
88,26,6,39,53,91,253,4,3
88,27,6,168,222,166,77,62,152
88,28,6,229,152,94,7,222,189
88,29,6,66,202,238,79,85,139
88,30,6,12,67,91,248,229,43
88,31,6,241,180,45,129,97,237
88,32,6,174,81,221,158,179,177
88,33,6,143,55,80,158,181,25
88,34,6,167,120,227,243,8,195
88,35,6,99,107,105,131,43,34
88,36,6,16,90,25,241,95,239
88,37,6,38,13,76,233,210,196
88,38,6,110,238,151,152,147,186
88,39,6,66,111,178,202,176,223
88,40,6,26,206,117,201,232,18
88,41,6,112,133,233,247,83,29
88,42,6,97,210,68,209,3,72
89,3,6,60,138,111,134,74,150
89,4,6,32,24,161,119,3,97
89,5,6,86,20,211,209,252,63
89,6,6,213,188,64,51,146,138
89,7,6,137,105,12,241,251,135
89,8,6,175,25,185,43,200,179
89,9,6,26,185,235,184,173,215
89,10,6,153,150,175,86,40,216
89,11,6,173,204,26,232,247,16
89,12,6,122,205,14,210,154,185
89,13,6,38,74,148,170,15,14
89,14,6,235,1,245,248,49,242
89,15,6,104,92,246,140,176,129
89,16,6,85,227,179,176,84,168
89,17,6,222,93,61,211,119,68
89,18,6,48,209,160,225,163,166
89,19,6,136,163,140,116,171,111
89,20,6,40,45,215,187,253,60
89,21,6,131,49,146,130,235,155
89,22,6,153,135,66,156,119,220
89,23,6,141,252,23,182,94,5
89,24,6,190,209,189,124,112,177
89,25,6,176,46,92,189,54,220
89,26,6,39,53,91,4,78,253
89,27,6,168,166,152,222,62,119
89,28,6,152,7,229,94,222,189
89,29,6,66,238,202,85,79,139
89,30,6,12,91,67,229,248,43
89,31,6,241,237,129,45,97,180
89,32,6,174,81,214,177,221,179
89,33,6,143,158,55,80,181,212
89,34,6,167,120,227,8,243,195
89,35,6,99,107,34,131,105,43
89,36,6,16,90,25,95,239,1
89,37,6,38,13,210,233,196,199
89,38,6,110,151,238,152,147,236
89,39,6,178,111,202,66,176,223
89,40,6,26,206,117,232,201,22
89,41,6,133,112,233,247,83,29
89,42,6,97,210,68,3,209,72
90,3,6,60,150,166,74,134,111
90,4,6,97,16,233,161,3,119
90,5,6,86,20,169,209,161,63
90,6,6,111,51,138,1,213,64
90,7,6,122,135,105,251,137,238
90,8,6,200,115,175,25,185,179
90,9,6,242,185,26,235,173,215
90,10,6,86,175,153,40,11,216
90,11,6,247,232,204,173,16,26
90,12,6,122,154,185,205,142,14
90,13,6,74,14,15,38,170,107
90,14,6,235,1,248,49,245,156
90,15,6,129,176,140,104,183,246
90,16,6,85,227,179,168,56,176
90,17,6,222,3,68,61,119,93
90,18,6,209,166,160,225,163,48
90,19,6,60,111,81,136,171,140
90,20,6,40,187,146,93,253,45
90,21,6,210,49,146,235,130,155
90,22,6,119,135,156,153,220,255
90,23,6,141,94,155,182,5,23
90,24,6,190,209,189,112,118,124
90,25,6,176,46,92,54,189,220
90,26,6,39,4,91,53,253,166
90,27,6,62,168,152,166,119,222
90,28,6,7,229,152,170,222,94
90,29,6,238,66,202,139,79,98
90,30,6,67,248,12,229,43,91
90,31,6,129,180,241,237,45,97
90,32,6,221,81,179,214,7,174
90,33,6,143,158,55,181,80,25
90,34,6,167,120,227,243,195,20
90,35,6,99,107,238,105,34,43
90,36,6,25,16,95,1,90,241
90,37,6,38,196,233,29,13,210
90,38,6,110,151,152,238,147,236
90,39,6,178,66,111,176,202,11
90,40,6,26,206,117,201,232,188
90,41,6,133,112,233,6,247,83
90,42,6,97,210,209,3,237,72
91,3,6,60,74,150,213,111,166
91,4,6,16,119,24,3,161,97
91,5,6,86,20,211,209,63,252
91,6,6,213,146,64,188,138,111
91,7,6,105,137,135,12,251,122
91,8,6,175,115,43,179,25,191
91,9,6,26,185,235,242,215,173
91,10,6,175,153,150,86,11,216
91,11,6,247,232,16,204,26,119
91,12,6,122,205,154,210,142,14
91,13,6,14,38,148,170,107,15
91,14,6,1,245,235,248,49,156
91,15,6,104,129,246,140,92,176
91,16,6,85,227,179,168,176,144
91,17,6,222,68,119,104,93,211
91,18,6,160,163,209,225,167,48
91,19,6,163,136,116,140,171,111
91,20,6,40,187,253,93,146,215
91,21,6,146,210,49,155,131,235
91,22,6,135,119,156,255,61,66
91,23,6,23,94,182,5,141,155
91,24,6,189,112,118,209,190,216
91,25,6,176,92,220,46,189,54
91,26,6,166,39,78,91,3,53
91,27,6,222,168,62,102,166,119
91,28,6,229,7,189,170,152,94
91,29,6,238,202,139,66,98,79
91,30,6,67,229,12,43,91,21
91,31,6,180,106,241,129,45,237
91,32,6,221,214,179,81,177,158
91,33,6,143,158,181,212,80,25
91,34,6,120,243,227,20,195,8
91,35,6,99,43,131,238,107,105
91,36,6,16,90,1,25,241,95
91,37,6,38,233,199,29,210,196
91,38,6,152,110,151,186,238,147
91,39,6,178,66,176,111,202,11
91,40,6,26,232,206,201,188,117
91,41,6,233,133,112,83,23,6
91,42,6,97,210,72,3,209,237
92,3,6,150,60,74,166,111,134
92,4,6,97,16,3,161,24,233
92,5,6,86,20,211,209,63,252
92,6,6,213,64,51,188,138,1
92,7,6,137,105,12,135,122,251
92,8,6,175,25,200,115,43,179
92,9,6,26,235,185,242,215,173
92,10,6,153,175,86,216,40,150
92,11,6,26,173,232,247,204,16
92,12,6,185,154,122,210,205,14
92,13,6,38,74,40,14,148,170
92,14,6,235,242,99,1,49,245
92,15,6,104,92,71,176,246,140
92,16,6,85,84,179,144,176,227
92,17,6,61,222,104,211,68,3
92,18,6,160,166,185,225,48,167
92,19,6,163,171,140,60,111,116
92,20,6,45,187,40,146,93,215
92,21,6,49,145,235,155,210,131
92,22,6,135,220,255,153,119,156
92,23,6,141,23,94,252,155,5
92,24,6,209,190,189,112,124,216
92,25,6,176,92,220,46,71,54
92,26,6,39,3,91,166,78,53
92,27,6,62,152,119,166,222,168
92,28,6,7,152,170,94,229,189
92,29,6,238,66,202,78,79,139
92,30,6,91,12,67,43,229,21
92,31,6,237,241,129,97,45,106
92,32,6,214,174,81,177,179,221
92,33,6,143,212,55,158,181,80
92,34,6,8,120,20,227,167,243
92,35,6,99,131,105,107,235,34
92,36,6,16,25,90,241,95,1
92,37,6,38,233,29,13,210,199
92,38,6,110,238,152,186,236,151
92,39,6,178,111,202,176,66,106
92,40,6,26,117,188,232,206,18
92,41,6,233,133,247,112,23,6
92,42,6,97,210,237,209,3,72
93,3,6,213,111,134,74,60,166
93,4,6,16,119,161,3,24,97
93,5,6,86,20,209,211,63,161
93,6,6,213,64,51,188,1,138
93,7,6,137,105,135,251,241,12
93,8,6,175,179,43,25,191,115
93,9,6,26,185,184,235,215,173
93,10,6,153,86,175,33,40,216
93,11,6,247,119,16,204,232,26
93,12,6,122,205,210,142,154,185
93,13,6,14,38,170,148,15,74
93,14,6,235,1,245,49,242,156
93,15,6,246,92,104,129,176,140
93,16,6,85,227,179,176,56,168
93,17,6,222,68,104,93,119,211
93,18,6,160,225,163,209,48,167
93,19,6,111,136,163,116,171,140
93,20,6,40,45,187,215,253,146
93,21,6,131,49,235,210,155,145
93,22,6,66,220,156,119,135,153
93,23,6,141,23,94,252,5,182
93,24,6,209,189,190,177,112,124
93,25,6,176,71,92,46,54,220
93,26,6,39,3,91,166,78,53
93,27,6,152,62,119,166,222,102
93,28,6,7,170,152,229,94,189
93,29,6,238,66,202,78,85,79
93,30,6,12,91,67,229,43,21
93,31,6,237,129,241,45,97,180
93,32,6,214,174,81,177,179,221
93,33,6,212,143,158,55,181,80
93,34,6,120,8,20,227,167,195
93,35,6,99,235,131,105,107,43
93,36,6,16,25,90,95,241,1
93,37,6,38,233,13,29,76,210
93,38,6,110,152,238,186,236,151
93,39,6,111,11,202,178,176,106
93,40,6,26,188,232,117,206,18
93,41,6,133,112,247,233,23,83
93,42,6,97,210,72,68,209,3
94,3,6,150,166,60,213,111,74
94,4,6,97,161,233,16,3,24
94,5,6,20,161,86,169,63,209
94,6,6,111,51,138,1,213,64
94,7,6,122,135,238,105,251,12
94,8,6,115,200,185,175,191,179
94,9,6,242,235,215,216,185,26
94,10,6,11,40,153,86,175,216
94,11,6,232,16,26,119,247,204
94,12,6,185,122,142,210,14,205
94,13,6,14,170,15,148,74,107
94,14,6,235,49,1,242,245,248
94,15,6,176,104,183,129,140,92
94,16,6,179,144,227,56,84,168
94,17,6,61,104,222,3,119,211
94,18,6,166,209,225,185,160,48
94,19,6,60,81,171,136,111,163
94,20,6,187,146,40,45,253,93
94,21,6,49,145,235,146,210,130
94,22,6,156,119,220,153,135,255
94,23,6,155,141,252,182,94,23
94,24,6,209,112,189,118,190,124
94,25,6,176,92,46,133,220,189
94,26,6,39,166,78,53,3,91
94,27,6,222,119,152,62,168,166
94,28,6,7,170,94,152,189,222
94,29,6,238,79,78,66,139,202
94,30,6,229,67,43,91,12,248
94,31,6,129,97,106,237,241,45
94,32,6,214,7,81,174,179,177
94,33,6,212,143,181,158,147,55
94,34,6,120,243,227,167,20,195
94,35,6,99,131,238,107,235,34
94,36,6,241,16,90,95,1,25
94,37,6,38,199,196,29,233,210
94,38,6,110,152,186,238,236,147
94,39,6,11,202,178,111,66,106
94,40,6,26,188,206,117,232,18
94,41,6,133,233,112,23,6,29
94,42,6,97,237,3,210,209,72
95,3,6,166,60,150,74,111,213
95,4,6,97,233,161,16,3,119
95,5,6,161,20,86,169,209,63
95,6,6,1,51,138,111,213,64
95,7,6,122,135,238,105,12,251
95,8,6,200,115,175,185,43,179
95,9,6,184,235,242,215,185,26
95,10,6,11,153,40,86,175,216
95,11,6,232,26,173,204,16,247
95,12,6,185,142,122,210,154,205
95,13,6,148,170,14,74,38,107
95,14,6,235,242,99,1,49,245
95,15,6,176,104,129,140,183,246
95,16,6,144,179,168,56,227,176
95,17,6,61,222,104,119,211,68
95,18,6,166,209,160,225,185,48
95,19,6,60,136,140,116,81,171
95,20,6,146,187,40,253,93,45
95,21,6,49,235,146,145,130,210
95,22,6,156,153,220,119,61,255
95,23,6,141,252,94,23,182,5
95,24,6,209,112,118,177,190,189
95,25,6,176,92,133,46,189,54
95,26,6,39,166,78,91,53,3
95,27,6,222,119,62,168,166,152
95,28,6,7,170,189,152,94,222
95,29,6,238,79,66,78,139,98
95,30,6,229,43,67,91,12,248
95,31,6,129,106,241,45,237,97
95,32,6,214,81,7,179,177,174
95,33,6,212,158,143,181,147,25
95,34,6,120,227,243,167,195,20
95,35,6,99,235,238,131,107,43
95,36,6,16,241,1,95,90,239
95,37,6,38,29,199,196,210,233
95,38,6,186,152,110,236,147,238
95,39,6,11,66,178,176,111,202
95,40,6,26,188,232,117,18,206
95,41,6,133,6,233,112,23,29
95,42,6,97,3,210,209,237,72
96,3,6,166,60,150,111,74,213
96,4,6,16,119,97,233,161,24
96,5,6,20,211,209,161,169,252
96,6,6,1,51,146,213,138,188
96,7,6,122,241,12,251,105,238
96,8,6,200,175,185,191,43,25
96,9,6,184,26,235,173,185,215
96,10,6,11,40,153,150,175,86
96,11,6,173,26,204,247,232,207
96,12,6,185,142,154,122,210,111
96,13,6,170,14,148,74,38,107
96,14,6,99,235,242,245,1,49
96,15,6,176,71,104,140,246,129
96,16,6,144,179,168,56,176,84
96,17,6,61,211,104,68,222,119
96,18,6,209,167,48,225,185,160
96,19,6,140,116,60,136,111,163
96,20,6,146,40,187,253,215,93
96,21,6,49,235,130,210,145,146
96,22,6,156,220,153,135,119,255
96,23,6,141,182,5,94,252,23
96,24,6,209,112,118,190,216,189
96,25,6,176,92,71,46,220,54
96,26,6,166,39,78,53,91,3
96,27,6,222,62,152,119,102,166
96,28,6,7,151,170,189,94,222
96,29,6,238,78,79,139,202,98
96,30,6,67,229,43,12,21,91
96,31,6,129,106,237,180,45,241
96,32,6,214,7,174,179,221,81
96,33,6,212,25,181,143,55,158
96,34,6,120,243,167,195,8,227
96,35,6,235,238,107,43,131,99
96,36,6,241,1,90,95,16,239
96,37,6,38,29,233,199,210,76
96,38,6,186,152,110,236,238,147
96,39,6,11,111,178,106,66,176
96,40,6,188,26,232,117,18,206
96,41,6,233,133,112,23,29,247
96,42,6,97,210,3,72,237,209
97,3,6,150,60,166,74,213,111
97,4,6,97,16,161,3,119,233
97,5,6,20,161,169,86,252,209
97,6,6,1,138,111,51,213,146
97,7,6,122,135,238,105,251,241
97,8,6,200,115,175,185,43,191
97,9,6,242,184,235,215,26,185
97,10,6,11,153,40,86,175,216
97,11,6,173,26,232,204,247,16
97,12,6,185,122,142,210,205,14
97,13,6,14,170,38,148,74,15
97,14,6,242,235,99,1,49,248
97,15,6,176,104,129,71,183,140
97,16,6,144,179,176,56,168,84
97,17,6,61,119,222,104,68,211
97,18,6,166,209,225,48,160,167
97,19,6,60,116,81,140,111,171
97,20,6,146,187,40,253,45,215
97,21,6,49,235,145,146,130,210
97,22,6,156,220,153,135,119,255
97,23,6,141,182,94,5,23,108
97,24,6,189,112,209,190,118,216
97,25,6,176,92,46,220,133,189
97,26,6,166,39,53,91,78,253
97,27,6,222,62,152,102,166,168
97,28,6,7,170,189,94,222,151
97,29,6,238,79,78,66,139,98
97,30,6,43,67,229,91,12,248
97,31,6,106,129,180,45,237,97
97,32,6,214,7,81,179,221,174
97,33,6,212,181,158,143,147,55
97,34,6,120,227,243,195,176,167
97,35,6,131,107,43,99,235,238
97,36,6,241,239,16,25,1,95
97,37,6,38,29,199,233,196,76
97,38,6,152,110,186,236,238,147
97,39,6,178,11,111,202,106,66
97,40,6,188,26,232,206,117,18
97,41,6,233,133,112,23,6,29
97,42,6,97,3,237,210,209,72
98,3,6,150,166,213,111,60,74
98,4,6,97,16,233,24,3,119
98,5,6,20,86,209,211,252,161
98,6,6,146,213,1,51,138,64
98,7,6,122,241,12,251,238,105
98,8,6,200,175,185,43,179,25
98,9,6,184,235,215,173,242,26
98,10,6,11,153,175,40,150,86
98,11,6,173,26,204,232,119,247
98,12,6,185,122,210,142,154,111
98,13,6,38,74,170,14,148,107
98,14,6,99,242,235,248,1,245
98,15,6,176,71,129,104,140,246
98,16,6,144,179,176,168,85,56
98,17,6,119,222,68,61,211,104
98,18,6,225,209,48,166,160,167
98,19,6,140,60,163,111,171,116
98,20,6,146,253,187,40,45,93
98,21,6,49,235,145,146,130,131
98,22,6,156,119,135,153,220,255
98,23,6,141,94,252,23,182,108
98,24,6,209,189,112,118,216,177
98,25,6,92,176,189,46,133,220
98,26,6,166,39,253,78,91,53
98,27,6,222,62,152,168,119,102
98,28,6,7,170,189,222,151,152
98,29,6,238,139,79,66,78,98
98,30,6,229,43,67,91,12,248
98,31,6,106,241,180,97,45,129
98,32,6,7,214,177,81,179,221
98,33,6,212,143,181,158,55,147
98,34,6,120,227,167,243,8,195
98,35,6,99,131,238,235,107,43
98,36,6,241,16,25,1,95,90
98,37,6,38,29,199,233,196,76
98,38,6,110,152,186,236,238,147
98,39,6,66,178,11,111,106,202
98,40,6,188,26,206,117,232,201
98,41,6,133,233,6,112,83,23
98,42,6,97,209,3,237,72,210
99,3,6,60,74,150,166,134,111
99,4,6,16,24,32,3,119,161
99,5,6,20,86,169,209,211,161
99,6,6,213,111,64,146,51,138
99,7,6,251,105,12,241,137,238
99,8,6,200,185,179,115,43,191
99,9,6,184,235,185,216,215,26
99,10,6,153,11,40,86,175,33
99,11,6,173,232,204,247,207,26
99,12,6,154,205,122,142,185,14
99,13,6,148,38,74,14,107,170
99,14,6,242,99,235,248,49,245
99,15,6,71,176,140,129,104,183
99,16,6,144,227,179,176,85,168
99,17,6,222,61,119,104,68,211
99,18,6,209,225,48,167,185,163
99,19,6,111,116,81,171,136,140
99,20,6,40,187,146,93,253,45
99,21,6,49,235,210,145,155,146
99,22,6,119,255,156,135,220,61
99,23,6,155,141,5,182,252,23
99,24,6,118,209,216,112,190,177
99,25,6,92,176,220,46,54,189
99,26,6,39,166,53,78,3,91
99,27,6,62,168,166,152,77,102
99,28,6,7,170,152,94,189,222
99,29,6,238,202,66,79,78,98
99,30,6,67,43,229,248,91,12
99,31,6,241,106,129,180,97,45
99,32,6,7,214,81,221,179,158
99,33,6,212,158,55,143,147,25
99,34,6,120,227,167,243,195,176
99,35,6,235,107,43,99,34,105
99,36,6,25,1,241,90,95,16
99,37,6,196,38,29,199,210,233
99,38,6,152,110,236,238,147,186
99,39,6,66,202,11,111,178,106
99,40,6,188,26,206,232,18,201
99,41,6,133,233,6,29,112,83
99,42,6,209,72,97,3,237,210
100,3,6,60,74,138,111,134,213
100,4,6,16,119,24,3,161,32
100,5,6,86,20,209,169,63,211
100,6,6,213,51,111,64,188,138
100,7,6,105,251,12,137,241,135
100,8,6,115,175,179,200,191,43
100,9,6,185,235,184,216,242,26
100,10,6,40,153,86,11,175,33
100,11,6,232,247,204,26,173,16
100,12,6,205,154,142,122,210,185
100,13,6,148,74,14,15,107,38
100,14,6,235,248,99,242,245,49
100,15,6,176,129,104,140,246,183
100,16,6,176,144,227,179,85,168
100,17,6,222,61,104,68,211,119
100,18,6,209,163,185,225,160,167
100,19,6,111,81,116,163,140,136
100,20,6,40,187,253,45,93,60
100,21,6,49,145,210,235,146,155
100,22,6,119,255,156,61,220,135
100,23,6,155,141,5,94,252,182
100,24,6,209,124,190,118,177,189
100,25,6,92,220,46,176,133,189
100,26,6,39,53,78,166,3,253
100,27,6,166,168,62,152,77,102
100,28,6,7,152,94,170,222,229
100,29,6,238,66,79,202,98,78
100,30,6,229,67,12,248,43,91
100,31,6,241,180,97,106,45,237
100,32,6,7,221,81,179,214,174
100,33,6,55,212,158,80,181,143
100,34,6,120,227,243,20,195,167
100,35,6,99,43,235,34,131,107
100,36,6,25,241,95,90,1,16
100,37,6,38,196,29,76,210,199
100,38,6,110,238,152,236,186,151
100,39,6,66,202,111,178,11,106
100,40,6,188,206,26,232,117,201
100,41,6,133,112,29,233,247,6
100,42,6,97,210,72,3,209,237
101,3,6,150,60,166,74,213,111
101,4,6,24,16,97,3,119,161
101,5,6,86,20,209,169,252,211
101,6,6,213,146,51,188,111,138
101,7,6,251,12,241,105,122,137
101,8,6,43,175,115,185,179,191
101,9,6,184,235,215,185,216,26
101,10,6,153,11,40,86,175,33
101,11,6,173,26,207,204,247,232
101,12,6,154,205,142,185,111,210
101,13,6,148,74,38,14,170,15
101,14,6,242,235,99,156,248,245
101,15,6,71,176,140,92,104,183
101,16,6,144,176,227,179,85,168
101,17,6,68,119,61,222,211,104
101,18,6,209,166,225,167,163,48
101,19,6,116,140,111,163,171,60
101,20,6,146,93,40,187,253,45
101,21,6,235,49,145,146,130,155
101,22,6,156,119,255,220,135,61
101,23,6,141,5,252,182,155,23
101,24,6,209,112,189,124,118,190
101,25,6,92,176,220,46,189,54
101,26,6,39,166,78,3,4,53
101,27,6,62,168,222,152,102,166
101,28,6,7,170,152,189,222,94
101,29,6,238,202,66,79,98,139
101,30,6,43,67,229,91,12,248
101,31,6,241,106,129,180,45,97
101,32,6,7,221,214,81,179,177
101,33,6,212,158,143,181,147,55
101,34,6,120,227,20,243,167,195
101,35,6,99,235,43,131,34,107
101,36,6,25,241,90,1,95,16
101,37,6,38,196,29,76,199,210
101,38,6,152,110,238,186,236,151
101,39,6,66,106,202,111,178,11
101,40,6,188,26,206,232,117,18
101,41,6,133,112,6,233,83,23
101,42,6,97,210,68,72,3,209
102,3,6,60,74,150,111,134,213
102,4,6,24,16,3,32,161,119
102,5,6,86,20,169,209,252,211
102,6,6,213,146,51,111,188,138
102,7,6,251,137,105,122,12,241
102,8,6,175,43,185,25,115,179
102,9,6,184,216,235,173,185,215
102,10,6,153,86,11,40,175,150
102,11,6,173,204,26,207,119,232
102,12,6,205,185,154,122,142,210
102,13,6,38,148,74,14,170,15
102,14,6,242,235,99,248,156,245
102,15,6,71,104,140,92,129,176
102,16,6,144,176,227,85,179,56
102,17,6,222,61,68,119,104,211
102,18,6,209,160,163,225,167,185
102,19,6,116,81,140,111,171,163
102,20,6,45,187,40,93,253,146
102,21,6,235,145,49,130,155,146
102,22,6,119,220,156,255,135,61
102,23,6,155,141,5,252,182,94
102,24,6,189,112,209,118,177,124
102,25,6,92,220,176,46,189,54
102,26,6,39,166,78,53,4,91
102,27,6,168,166,77,62,152,222
102,28,6,7,152,170,189,222,229
102,29,6,66,238,202,79,78,139
102,30,6,67,91,229,43,12,248
102,31,6,241,97,45,129,180,106
102,32,6,81,7,214,221,179,177
102,33,6,158,55,212,143,181,25
102,34,6,120,227,243,20,195,176
102,35,6,34,99,235,43,107,131
102,36,6,25,241,90,16,174,95
102,37,6,38,196,29,233,210,76
102,38,6,110,238,152,147,186,151
102,39,6,106,178,66,202,111,11
102,40,6,26,206,188,232,117,18
102,41,6,133,6,83,233,112,23
102,42,6,97,237,72,68,209,210
103,3,6,150,60,213,134,166,111
103,4,6,16,24,3,161,97,119
103,5,6,20,86,209,169,211,63
103,6,6,213,111,51,138,188,146
103,7,6,105,137,12,122,251,241
103,8,6,43,175,200,115,25,185
103,9,6,173,235,185,215,26,216
103,10,6,11,153,40,86,175,150
103,11,6,173,204,232,207,26,247
103,12,6,154,205,122,142,111,14
103,13,6,74,148,38,14,15,107
103,14,6,235,99,242,248,1,49
103,15,6,71,140,129,176,246,104
103,16,6,227,144,176,168,56,85
103,17,6,68,222,119,211,61,104
103,18,6,209,225,163,48,167,185
103,19,6,116,81,140,136,60,171
103,20,6,40,93,187,253,45,60
103,21,6,235,49,145,130,146,155
103,22,6,119,220,156,135,255,153
103,23,6,155,141,252,5,94,182
103,24,6,112,189,118,190,209,124
103,25,6,92,176,46,220,189,54
103,26,6,166,39,78,53,4,253
103,27,6,62,168,166,102,222,77
103,28,6,7,170,152,222,189,151
103,29,6,66,238,202,79,78,98
103,30,6,91,67,43,229,12,248
103,31,6,241,45,180,97,129,106
103,32,6,81,7,221,214,177,179
103,33,6,158,55,181,143,212,25
103,34,6,120,227,243,195,167,20
103,35,6,99,34,43,235,131,238
103,36,6,25,16,90,1,174,241
103,37,6,38,196,29,233,210,199
103,38,6,110,238,152,186,236,151
103,39,6,106,66,11,178,202,111
103,40,6,26,188,206,232,117,18
103,41,6,133,6,112,23,29,83
103,42,6,97,237,3,209,72,210
104,3,6,60,74,111,213,150,138
104,4,6,119,24,16,3,161,97
104,5,6,20,86,169,209,63,211
104,6,6,64,213,146,51,188,138
104,7,6,105,12,137,251,241,122
104,8,6,179,175,185,191,43,115
104,9,6,185,216,26,235,215,242
104,10,6,86,40,33,153,175,11
104,11,6,232,207,173,247,16,204
104,12,6,205,154,122,142,14,111
104,13,6,38,14,107,148,74,15
104,14,6,1,235,156,99,245,49
104,15,6,140,176,129,183,104,246
104,16,6,176,144,227,85,168,56
104,17,6,222,211,119,61,104,68
104,18,6,209,163,166,225,160,185
104,19,6,136,140,111,81,116,171
104,20,6,40,93,187,253,45,60
104,21,6,235,145,146,130,155,49
104,22,6,119,220,156,61,153,255
104,23,6,155,141,252,182,23,94
104,24,6,124,209,112,190,118,189
104,25,6,92,220,46,189,176,133
104,26,6,53,39,78,166,3,4
104,27,6,166,62,168,152,102,77
104,28,6,152,7,94,170,222,189
104,29,6,66,202,78,98,238,79
104,30,6,91,67,248,12,21,43
104,31,6,241,97,45,129,180,106
104,32,6,81,158,221,7,179,214
104,33,6,158,55,143,147,25,181
104,34,6,227,167,120,243,176,195
104,35,6,99,34,131,43,107,105
104,36,6,25,241,16,95,174,90
104,37,6,38,196,29,76,233,13
104,38,6,110,238,152,236,151,147
104,39,6,66,111,202,178,106,176
104,40,6,26,206,117,232,188,18
104,41,6,133,233,6,112,23,83
104,42,6,97,72,209,210,3,237
105,3,6,60,74,138,134,213,111
105,4,6,16,119,3,24,32,161
105,5,6,20,209,86,252,169,63
105,6,6,213,51,111,64,138,146
105,7,6,105,122,137,251,12,241
105,8,6,200,179,43,191,185,115
105,9,6,235,216,185,242,215,26
105,10,6,40,86,33,175,153,11
105,11,6,232,204,16,207,26,173
105,12,6,142,205,122,154,210,14
105,13,6,14,74,107,38,170,148
105,14,6,235,1,49,245,248,242
105,15,6,176,104,140,129,246,183
105,16,6,176,144,179,227,56,85
105,17,6,222,61,104,119,211,68
105,18,6,209,163,166,225,160,167
105,19,6,81,111,136,163,140,116
105,20,6,40,187,93,45,60,253
105,21,6,235,145,130,49,146,210
105,22,6,119,61,156,220,255,135
105,23,6,155,108,141,5,182,23
105,24,6,190,124,112,118,189,209
105,25,6,92,46,176,220,189,133
105,26,6,39,53,166,78,4,3
105,27,6,168,62,166,102,222,77
105,28,6,152,7,170,94,189,222
105,29,6,66,98,202,238,79,78
105,30,6,67,91,18,229,12,248
105,31,6,241,45,97,180,129,106
105,32,6,81,221,177,158,7,179
105,33,6,158,55,80,143,147,212
105,34,6,120,227,176,243,167,195
105,35,6,99,34,105,43,131,107
105,36,6,16,25,174,241,95,90
105,37,6,38,196,29,233,13,76
105,38,6,238,110,151,152,236,147
105,39,6,178,66,106,202,223,111
105,40,6,26,206,117,188,232,18
105,41,6,6,133,83,112,23,233
105,42,6,97,237,210,68,209,127
106,3,6,60,138,213,74,134,150
106,4,6,32,119,24,97,3,161
106,5,6,20,209,63,86,211,252
106,6,6,146,64,51,213,188,1
106,7,6,251,105,12,241,122,238
106,8,6,179,200,115,191,43,25
106,9,6,185,216,235,173,26,184
106,10,6,33,40,86,216,153,11
106,11,6,232,207,119,204,16,26
106,12,6,142,14,205,154,122,185
106,13,6,74,14,38,107,15,40
106,14,6,235,245,1,242,156,49
106,15,6,176,183,140,104,129,246
106,16,6,176,144,227,56,179,85
106,17,6,222,61,119,211,104,68
106,18,6,209,163,185,166,225,48
106,19,6,136,81,116,111,140,60
106,20,6,45,40,187,93,253,60
106,21,6,235,49,145,130,210,146
106,22,6,119,220,61,156,255,135
106,23,6,155,108,141,5,252,182
106,24,6,112,209,124,118,189,190
106,25,6,92,220,176,46,189,54
106,26,6,39,53,166,3,4,78
106,27,6,62,166,168,102,222,152
106,28,6,7,152,170,189,94,222
106,29,6,66,238,202,98,78,79
106,30,6,67,229,91,43,12,18
106,31,6,241,45,129,180,97,106
106,32,6,81,221,174,177,158,7
106,33,6,158,143,55,80,212,25
106,34,6,227,120,195,243,167,176
106,35,6,99,34,43,238,131,105
106,36,6,16,25,174,241,95,1
106,37,6,38,196,29,13,76,233
106,38,6,110,238,152,236,186,151
106,39,6,178,106,66,111,202,223
106,40,6,26,206,117,232,188,22
106,41,6,6,133,83,112,233,23
106,42,6,97,237,210,68,72,127
107,3,6,60,74,111,134,150,166
107,4,6,119,32,16,161,97,24
107,5,6,20,63,86,209,252,169
107,6,6,213,64,188,146,1,51
107,7,6,241,238,137,12,105,251
107,8,6,175,191,43,179,185,25
107,9,6,185,235,26,184,173,215
107,10,6,40,86,150,11,33,175
107,11,6,173,119,247,232,204,26
107,12,6,154,14,142,205,122,185
107,13,6,38,40,74,14,15,170
107,14,6,245,235,242,1,248,49
107,15,6,183,129,140,176,104,246
107,16,6,144,176,227,56,168,85
107,17,6,222,211,61,119,104,68
107,18,6,209,163,48,185,225,167
107,19,6,136,116,111,140,171,163
107,20,6,40,45,215,93,187,253
107,21,6,235,130,146,131,145,49
107,22,6,119,153,220,135,156,61
107,23,6,155,141,182,108,5,252
107,24,6,112,190,209,177,118,124
107,25,6,92,176,220,189,46,54
107,26,6,53,39,166,3,253,91
107,27,6,168,166,62,222,152,102
107,28,6,152,7,170,189,94,229
107,29,6,66,238,202,98,79,78
107,30,6,91,67,229,43,248,12
107,31,6,241,45,129,97,237,180
107,32,6,158,81,174,221,177,7
107,33,6,158,143,55,80,212,181
107,34,6,167,227,120,243,176,20
107,35,6,99,34,43,107,238,235
107,36,6,25,16,241,239,1,90
107,37,6,38,13,76,196,29,210
107,38,6,238,110,236,152,186,151
107,39,6,66,111,202,11,178,106
107,40,6,26,188,206,117,18,232
107,41,6,133,112,6,83,233,23
107,42,6,97,210,209,68,237,72
108,3,6,138,60,134,111,150,166
108,4,6,32,119,97,161,24,3
108,5,6,20,63,86,209,169,252
108,6,6,213,146,64,1,188,111
108,7,6,241,238,137,251,105,12
108,8,6,175,43,191,200,25,179
108,9,6,235,185,173,184,26,242
108,10,6,40,86,11,153,150,175
108,11,6,173,232,204,119,26,247
108,12,6,154,122,142,205,14,185
108,13,6,74,14,38,15,148,170
108,14,6,235,242,245,248,1,99
108,15,6,176,104,140,183,129,71
108,16,6,144,176,227,56,168,85
108,17,6,222,211,119,68,61,104
108,18,6,209,163,225,185,48,160
108,19,6,136,116,111,140,81,163
108,20,6,40,187,45,215,93,253
108,21,6,235,49,145,130,146,131
108,22,6,119,220,153,156,61,255
108,23,6,155,141,182,94,5,252
108,24,6,209,190,118,177,112,189
108,25,6,92,176,220,189,46,54
108,26,6,53,39,166,3,78,91
108,27,6,166,62,168,222,152,102
108,28,6,152,7,170,94,189,229
108,29,6,66,238,202,79,98,139
108,30,6,91,67,229,43,12,248
108,31,6,241,45,97,129,237,180
108,32,6,174,81,158,221,177,214
108,33,6,158,143,55,80,212,181
108,34,6,227,167,120,243,176,195
108,35,6,99,34,43,131,107,235
108,36,6,25,16,174,241,1,239
108,37,6,38,196,76,13,29,210
108,38,6,110,238,236,152,147,3
108,39,6,111,202,178,66,223,106
108,40,6,26,206,188,117,18,232
108,41,6,133,112,83,6,233,29
108,42,6,97,210,68,72,237,3
109,3,6,134,60,166,111,150,138
109,4,6,32,16,3,24,97,161
109,5,6,20,209,63,86,169,252
109,6,6,213,51,1,64,111,146
109,7,6,241,105,238,251,137,12
109,8,6,43,200,179,175,191,25
109,9,6,235,184,185,216,215,173
109,10,6,40,86,175,150,33,11
109,11,6,232,119,173,204,247,16
109,12,6,154,122,142,205,14,210
109,13,6,14,74,38,40,15,107
109,14,6,235,1,245,248,49,156
109,15,6,176,140,129,183,104,246
109,16,6,144,176,227,179,56,168
109,17,6,222,119,61,211,104,68
109,18,6,209,163,166,48,225,160
109,19,6,81,116,111,140,171,163
109,20,6,45,93,187,40,253,215
109,21,6,235,145,210,130,49,146
109,22,6,119,153,220,156,255,135
109,23,6,155,141,108,252,182,94
109,24,6,209,190,112,177,118,189
109,25,6,92,220,176,46,189,71
109,26,6,39,53,3,166,253,4
109,27,6,166,62,168,152,222,77
109,28,6,152,7,170,189,151,94
109,29,6,66,238,202,79,98,139
109,30,6,67,229,91,248,43,12
109,31,6,241,45,129,180,97,106
109,32,6,174,158,81,221,7,177
109,33,6,158,80,143,55,212,181
109,34,6,120,227,167,176,243,195
109,35,6,99,34,105,235,131,43
109,36,6,25,16,174,239,241,1
109,37,6,38,196,13,29,233,210
109,38,6,110,238,152,236,147,151
109,39,6,178,66,202,111,223,106
109,40,6,26,206,117,232,188,18
109,41,6,6,133,83,112,233,23
109,42,6,97,237,68,72,210,127
110,3,6,60,74,138,134,111,150
110,4,6,32,119,16,24,3,97
110,5,6,20,86,209,63,252,211
110,6,6,213,64,51,1,146,138
110,7,6,241,238,105,12,251,137
110,8,6,175,43,191,25,185,179
110,9,6,26,185,173,216,235,215
110,10,6,40,150,86,175,153,11
110,11,6,173,232,247,26,204,207
110,12,6,205,142,14,154,122,111
110,13,6,107,14,74,15,40,170
110,14,6,235,156,248,245,1,99
110,15,6,183,129,176,140,246,104
110,16,6,227,144,85,176,56,168
110,17,6,61,104,222,119,211,3
110,18,6,209,163,48,225,185,167
110,19,6,136,116,111,81,171,140
110,20,6,40,215,187,253,45,93
110,21,6,210,235,130,49,155,146
110,22,6,119,153,220,255,156,135
110,23,6,141,155,252,182,5,94
110,24,6,112,209,118,190,177,189
110,25,6,92,220,176,46,189,54
110,26,6,53,39,166,4,3,91
110,27,6,166,62,168,152,222,77
110,28,6,152,94,7,170,189,222
110,29,6,66,238,202,79,98,139
110,30,6,91,67,229,248,18,12
110,31,6,241,45,129,106,97,237
110,32,6,158,177,174,81,221,7
110,33,6,143,158,55,212,80,181
110,34,6,167,227,120,243,176,20
110,35,6,99,34,107,235,131,238
110,36,6,25,16,90,241,174,1
110,37,6,38,196,76,13,29,210
110,38,6,238,3,236,110,152,151
110,39,6,66,111,178,202,176,106
110,40,6,26,206,117,188,18,232
110,41,6,133,112,83,6,233,23
110,42,6,97,210,237,68,209,72
111,3,6,138,60,150,166,134,111
111,4,6,119,32,16,97,24,3
111,5,6,20,86,63,209,211,252
111,6,6,213,64,146,1,51,188
111,7,6,241,137,238,12,105,251
111,8,6,175,43,191,185,25,179
111,9,6,26,235,173,184,185,215
111,10,6,40,150,153,11,175,86
111,11,6,173,232,26,204,119,247
111,12,6,142,14,205,122,154,111
111,13,6,107,14,74,15,170,148
111,14,6,235,245,156,1,248,242
111,15,6,183,71,176,129,246,140
111,16,6,176,227,144,56,168,85
111,17,6,119,211,222,61,104,68
111,18,6,209,163,185,48,225,167
111,19,6,136,116,140,111,171,163
111,20,6,187,40,215,45,253,93
111,21,6,235,49,130,210,145,131
111,22,6,119,153,220,156,255,135
111,23,6,141,252,5,182,155,94
111,24,6,209,112,118,189,177,190
111,25,6,92,176,220,46,54,189
111,26,6,39,53,166,3,91,78
111,27,6,62,166,168,222,152,77
111,28,6,7,152,170,94,189,229
111,29,6,238,66,79,202,98,139
111,30,6,67,229,91,43,12,248
111,31,6,241,237,45,129,106,97
111,32,6,174,158,221,177,7,81
111,33,6,212,143,55,158,80,181
111,34,6,120,167,227,243,176,20
111,35,6,99,34,107,43,235,131
111,36,6,25,16,90,241,174,1
111,37,6,38,13,29,76,196,199
111,38,6,152,238,236,3,110,186
111,39,6,111,202,178,106,66,176
111,40,6,26,188,117,18,206,232
111,41,6,133,112,233,6,83,29
111,42,6,97,210,68,237,209,127
112,3,6,150,60,166,134,213,111
112,4,6,16,97,24,161,119,3
112,5,6,20,169,252,86,209,63
112,6,6,213,111,51,146,138,1
112,7,6,122,105,137,241,251,12
112,8,6,200,115,175,43,179,191
112,9,6,235,173,242,185,215,26
112,10,6,11,40,153,86,175,216
112,11,6,232,204,247,119,173,207
112,12,6,122,154,142,14,205,210
112,13,6,148,14,74,15,107,38
112,14,6,235,248,242,1,49,99
112,15,6,176,129,140,104,183,246
112,16,6,144,227,176,179,56,85
112,17,6,222,211,119,104,61,68
112,18,6,209,225,160,48,163,167
112,19,6,111,116,81,60,171,136
112,20,6,40,187,253,93,215,45
112,21,6,210,49,235,145,130,146
112,22,6,119,156,153,220,135,255
112,23,6,252,155,141,5,94,182
112,24,6,209,112,189,190,118,177
112,25,6,92,176,220,46,54,189
112,26,6,39,53,166,4,78,253
112,27,6,152,168,166,62,102,222
112,28,6,7,170,152,222,229,151
112,29,6,238,66,79,202,98,139
112,30,6,67,229,91,248,12,43
112,31,6,241,45,237,106,180,129
112,32,6,221,174,81,158,7,177
112,33,6,212,158,143,55,181,80
112,34,6,167,120,227,243,195,20
112,35,6,99,107,235,43,34,238
112,36,6,16,25,90,241,1,95
112,37,6,38,29,196,76,13,210
112,38,6,110,238,152,236,186,147
112,39,6,111,202,66,178,11,106
112,40,6,26,206,188,232,117,18
112,41,6,133,112,233,83,6,23
112,42,6,97,210,3,209,237,72
113,3,6,150,166,213,111,60,134
113,4,6,97,16,3,24,119,161
113,5,6,20,209,86,63,169,252
113,6,6,213,51,138,111,146,1
113,7,6,122,241,12,251,105,137
113,8,6,175,200,43,185,179,191
113,9,6,184,235,215,26,185,173
113,10,6,11,40,175,153,216,150
113,11,6,173,232,204,247,16,119
113,12,6,154,122,142,210,14,111
113,13,6,148,38,74,14,107,15
113,14,6,242,99,49,248,245,1
113,15,6,71,176,140,104,246,129
113,16,6,144,227,176,85,168,56
113,17,6,222,211,61,104,119,68
113,18,6,209,163,225,167,160,48
113,19,6,140,163,116,171,111,136
113,20,6,40,187,93,253,215,45
113,21,6,49,210,235,130,146,145
113,22,6,156,119,135,220,153,61
113,23,6,141,252,155,5,182,94
113,24,6,209,112,118,190,189,177
113,25,6,92,176,220,46,54,189
113,26,6,166,39,53,78,253,91
113,27,6,62,222,168,166,152,102
113,28,6,7,170,152,151,189,229
113,29,6,202,66,79,238,98,139
113,30,6,67,43,229,12,91,248
113,31,6,106,241,45,237,129,180
113,32,6,221,7,81,177,174,179
113,33,6,212,158,55,143,181,147
113,34,6,120,227,167,243,8,195
113,35,6,99,235,34,238,131,43
113,36,6,25,16,241,90,1,95
113,37,6,38,29,196,13,233,199
113,38,6,186,152,110,238,236,151
113,39,6,66,202,106,111,178,11
113,40,6,188,26,232,117,206,18
113,41,6,133,233,6,112,23,83
113,42,6,97,3,210,72,237,209
114,3,6,60,150,74,166,111,134
114,4,6,16,32,161,119,24,3
114,5,6,20,86,209,169,211,63
114,6,6,213,51,146,111,1,188
114,7,6,251,241,12,105,137,122
114,8,6,115,43,200,175,179,25
114,9,6,184,185,216,235,242,215
114,10,6,40,153,11,86,175,216
114,11,6,232,247,204,26,207,16
114,12,6,122,205,154,14,142,210
114,13,6,148,14,74,107,38,15
114,14,6,235,242,49,99,248,1
114,15,6,176,129,246,140,71,104
114,16,6,176,144,85,227,168,56
114,17,6,211,222,119,61,104,3
114,18,6,160,209,225,48,167,166
114,19,6,111,116,81,171,136,163
114,20,6,40,187,253,45,215,60
114,21,6,145,49,210,235,155,130
114,22,6,135,119,255,156,220,61
114,23,6,155,141,5,252,182,94
114,24,6,209,118,124,112,190,177
114,25,6,92,176,220,46,54,189
114,26,6,53,39,166,78,91,253
114,27,6,168,166,62,152,102,77
114,28,6,7,152,170,94,229,189
114,29,6,66,202,79,238,98,139
114,30,6,67,91,229,43,12,248
114,31,6,241,45,97,106,180,237
114,32,6,81,221,7,177,179,174
114,33,6,158,212,143,55,147,181
114,34,6,227,120,167,195,243,20
114,35,6,99,235,34,107,131,43
114,36,6,25,16,1,90,241,95
114,37,6,38,196,29,76,199,233
114,38,6,110,238,152,186,236,147
114,39,6,66,202,178,111,11,106
114,40,6,26,188,232,206,117,18
114,41,6,133,233,112,6,29,23
114,42,6,209,97,72,3,210,237
115,3,6,60,74,138,111,134,150
115,4,6,16,119,24,3,161,32
115,5,6,20,86,169,209,63,211
115,6,6,213,51,146,188,1,64
115,7,6,105,251,241,12,137,122
115,8,6,179,115,43,175,191,185
115,9,6,184,185,235,216,26,215
115,10,6,153,40,86,11,175,150
115,11,6,232,173,247,204,207,16
115,12,6,205,154,142,122,14,210
115,13,6,148,74,14,107,15,38
115,14,6,235,242,245,49,1,156
115,15,6,176,129,140,104,183,246
115,16,6,176,144,85,227,168,179
115,17,6,222,211,119,104,68,61
115,18,6,160,209,225,163,167,185
115,19,6,116,136,111,81,171,140
115,20,6,40,187,253,215,45,93
115,21,6,145,49,210,235,155,146
115,22,6,135,119,255,156,220,61
115,23,6,141,155,5,94,182,252
115,24,6,209,190,118,189,177,124
115,25,6,92,220,176,46,189,54
115,26,6,166,53,39,78,253,4
115,27,6,166,62,168,77,152,102
115,28,6,7,152,94,170,222,229
115,29,6,66,202,238,79,98,139
115,30,6,67,91,229,43,12,248
115,31,6,241,45,97,106,180,237
115,32,6,81,221,7,177,174,179
115,33,6,212,158,55,143,181,147
115,34,6,227,120,167,243,195,20
115,35,6,99,235,34,43,131,107
115,36,6,25,241,16,1,90,95
115,37,6,38,29,196,76,233,210
115,38,6,110,152,238,236,186,151
115,39,6,66,202,178,111,106,176
115,40,6,26,188,232,206,117,18
115,41,6,133,112,233,6,83,23
115,42,6,97,210,72,68,3,237
116,3,6,166,150,60,111,213,134
116,4,6,97,24,16,3,161,119
116,5,6,20,86,169,209,252,211
116,6,6,213,146,51,111,188,138
116,7,6,122,251,137,241,12,105
116,8,6,200,115,175,179,185,43
116,9,6,242,184,235,185,215,216
116,10,6,40,11,153,86,175,216
116,11,6,232,204,247,173,119,26
116,12,6,122,142,14,185,205,210
116,13,6,148,14,74,107,170,38
116,14,6,235,242,1,49,248,99
116,15,6,176,104,140,71,183,129
116,16,6,144,176,179,227,85,168
116,17,6,222,61,104,211,119,68
116,18,6,209,166,160,167,225,163
116,19,6,116,81,60,111,171,163
116,20,6,40,187,253,45,93,215
116,21,6,49,145,235,146,155,130
116,22,6,135,119,156,255,220,61
116,23,6,141,155,182,5,94,252
116,24,6,209,112,190,118,189,124
116,25,6,92,176,220,46,189,54
116,26,6,166,39,53,78,91,4
116,27,6,166,62,168,222,152,102
116,28,6,7,152,94,170,222,229
116,29,6,66,202,238,79,98,139
116,30,6,67,91,229,43,12,248
116,31,6,241,45,106,97,237,129
116,32,6,81,7,221,177,174,179
116,33,6,212,158,55,143,147,181
116,34,6,227,120,243,167,195,20
116,35,6,99,34,235,131,43,107
116,36,6,241,25,16,1,90,95
116,37,6,38,196,29,76,233,210
116,38,6,152,186,110,238,236,147
116,39,6,66,178,111,202,106,176
116,40,6,26,188,232,206,117,18
116,41,6,133,112,233,6,83,23
116,42,6,97,210,68,72,127,3
117,3,6,150,60,213,111,134,166
117,4,6,97,16,3,24,119,161
117,5,6,20,86,209,169,211,252
117,6,6,213,51,138,146,111,1
117,7,6,122,241,251,12,238,135
117,8,6,43,200,175,115,185,179
117,9,6,184,242,173,215,235,185
117,10,6,11,153,40,175,86,150
117,11,6,173,204,119,232,26,247
117,12,6,154,205,122,185,142,210
117,13,6,148,38,74,14,107,15
117,14,6,242,99,235,49,248,245
117,15,6,71,176,140,246,92,129
117,16,6,144,176,85,168,227,179
117,17,6,119,104,211,61,68,222
117,18,6,209,160,225,48,167,163
117,19,6,140,171,116,60,111,163
117,20,6,40,187,146,93,253,45
117,21,6,49,145,235,130,146,155
117,22,6,119,156,135,220,255,61
117,23,6,141,252,155,94,182,5
117,24,6,209,112,189,118,190,177
117,25,6,92,176,220,46,189,54
117,26,6,166,39,78,253,53,91
117,27,6,62,222,166,152,168,102
117,28,6,7,170,152,94,189,222
117,29,6,79,66,202,98,139,238
117,30,6,67,43,229,91,12,248
117,31,6,106,241,45,180,237,129
117,32,6,7,81,221,177,158,179
117,33,6,212,158,55,147,143,181
117,34,6,120,227,243,167,8,195
117,35,6,99,235,34,131,43,238
117,36,6,241,16,25,1,90,95
117,37,6,38,29,196,233,76,210
117,38,6,152,186,238,110,236,147
117,39,6,111,202,178,176,66,106
117,40,6,188,26,232,206,18,117
117,41,6,133,233,6,112,29,83
117,42,6,97,72,3,210,237,209
118,3,6,60,74,166,111,150,134
118,4,6,97,24,16,32,3,161
118,5,6,20,86,209,63,252,169
118,6,6,213,146,51,188,111,64
118,7,6,251,12,241,105,137,122
118,8,6,200,115,185,43,175,25
118,9,6,184,216,235,215,185,242
118,10,6,153,40,86,11,175,150
118,11,6,173,232,204,16,207,119
118,12,6,154,142,122,205,14,185
118,13,6,14,148,107,38,74,15
118,14,6,235,248,242,49,1,99
118,15,6,176,129,140,104,246,183
118,16,6,144,179,176,227,168,56
118,17,6,61,119,222,211,104,3
118,18,6,209,225,163,167,160,185
118,19,6,81,116,171,60,136,140
118,20,6,40,187,45,93,253,60
118,21,6,145,49,235,155,146,130
118,22,6,119,156,135,220,61,255
118,23,6,155,141,252,5,23,182
118,24,6,209,112,189,124,190,177
118,25,6,92,176,220,46,189,133
118,26,6,166,53,39,78,253,91
118,27,6,166,62,168,152,222,77
118,28,6,152,7,170,151,189,222
118,29,6,66,79,202,98,139,238
118,30,6,67,91,43,229,248,12
118,31,6,241,45,97,106,129,180
118,32,6,81,7,177,221,174,158
118,33,6,158,55,212,143,80,147
118,34,6,227,120,167,243,195,20
118,35,6,99,34,43,107,235,131
118,36,6,25,16,241,174,1,90
118,37,6,38,210,196,29,76,233
118,38,6,238,110,152,236,186,3
118,39,6,111,178,66,202,176,106
118,40,6,26,188,206,232,18,117
118,41,6,133,112,233,83,6,29
118,42,6,97,210,72,237,209,68
119,3,6,60,74,166,111,134,213
119,4,6,32,24,97,3,161,16
119,5,6,20,86,209,252,63,211
119,6,6,213,51,111,146,64,188
119,7,6,105,251,137,122,12,241
119,8,6,200,179,115,175,43,191
119,9,6,216,235,185,215,184,242
119,10,6,86,40,175,153,11,216
119,11,6,119,232,16,204,173,207
119,12,6,142,205,122,154,14,210
119,13,6,14,38,148,107,74,15
119,14,6,235,248,49,1,242,245
119,15,6,176,140,129,104,183,246
119,16,6,176,227,85,144,179,168
119,17,6,222,211,61,119,104,93
119,18,6,209,167,225,163,160,185
119,19,6,81,171,116,140,111,163
119,20,6,45,40,187,93,60,253
119,21,6,145,235,49,155,146,130
119,22,6,61,119,156,220,135,255
119,23,6,155,141,5,182,252,108
119,24,6,209,112,189,118,190,177
119,25,6,92,220,176,189,46,54
119,26,6,39,166,53,4,253,78
119,27,6,168,62,166,222,102,152
119,28,6,7,152,170,189,222,151
119,29,6,98,66,202,79,238,139
119,30,6,67,91,229,43,248,12
119,31,6,241,45,129,106,180,97
119,32,6,7,221,81,177,174,158
119,33,6,212,80,158,55,25,147
119,34,6,120,227,243,20,195,176
119,35,6,34,99,235,131,107,43
119,36,6,25,241,174,16,1,95
119,37,6,196,38,13,29,76,233
119,38,6,110,152,238,186,151,236
119,39,6,106,66,178,223,202,111
119,40,6,26,206,232,188,117,22
119,41,6,6,83,133,112,233,23
119,42,6,97,237,68,72,210,3
120,3,6,60,111,134,74,166,150
120,4,6,16,97,119,161,3,24
120,5,6,20,86,209,169,252,161
120,6,6,146,51,138,111,213,1
120,7,6,105,122,238,241,135,251
120,8,6,200,115,175,179,25,43
120,9,6,242,185,184,26,235,173
120,10,6,40,11,153,86,175,33
120,11,6,232,247,173,119,204,26
120,12,6,122,142,205,210,185,14
120,13,6,148,14,74,38,170,107
120,14,6,235,248,49,1,242,99
120,15,6,176,104,129,140,246,183
120,16,6,179,176,144,227,56,168
120,17,6,61,222,104,3,68,119
120,18,6,209,166,160,48,167,163
120,19,6,60,116,81,136,140,171
120,20,6,40,187,253,45,146,215
120,21,6,145,49,235,130,146,155
120,22,6,119,61,220,156,135,153
120,23,6,155,141,5,252,94,182
120,24,6,209,189,112,118,190,124
120,25,6,92,176,189,220,46,133
120,26,6,53,39,91,166,78,253
120,27,6,102,166,168,222,62,152
120,28,6,152,7,170,94,222,189
120,29,6,98,66,238,79,202,139
120,30,6,91,67,248,43,229,12
120,31,6,241,45,97,180,129,237
120,32,6,221,174,81,158,177,7
120,33,6,158,55,212,25,80,181
120,34,6,120,227,167,243,195,8
120,35,6,99,34,43,235,107,131
120,36,6,16,25,95,174,1,241
120,37,6,196,38,13,29,76,233
120,38,6,110,238,152,151,186,3
120,39,6,66,223,178,111,202,106
120,40,6,26,188,232,206,117,22
120,41,6,133,6,112,83,233,23
120,42,6,97,237,72,209,68,210
121,3,6,60,74,134,150,213,111
121,4,6,16,119,32,97,24,3
121,5,6,20,63,209,86,211,169
121,6,6,213,64,51,111,1,146
121,7,6,251,238,241,105,12,122
121,8,6,191,25,175,185,43,200
121,9,6,235,185,26,184,216,173
121,10,6,40,153,11,86,175,150
121,11,6,119,173,232,204,247,26
121,12,6,122,142,205,154,14,210
121,13,6,74,148,38,14,15,170
121,14,6,235,248,99,242,245,49
121,15,6,176,129,140,246,104,183
121,16,6,176,144,85,227,168,56
121,17,6,222,211,119,61,104,3
121,18,6,209,225,163,167,48,185
121,19,6,116,136,140,111,171,81
121,20,6,40,93,187,253,45,215
121,21,6,145,49,235,131,146,130
121,22,6,119,61,153,220,156,255
121,23,6,155,141,5,182,252,94
121,24,6,209,112,189,177,118,190
121,25,6,92,220,176,46,189,54
121,26,6,53,39,91,166,4,78
121,27,6,166,168,102,62,152,222
121,28,6,152,7,170,94,222,189
121,29,6,98,66,79,202,238,139
121,30,6,67,91,229,43,12,21
121,31,6,241,45,237,97,106,180
121,32,6,177,81,174,221,7,158
121,33,6,158,143,55,212,80,181
121,34,6,167,227,120,195,20,243
121,35,6,99,107,131,43,238,235
121,36,6,16,25,90,241,95,1
121,37,6,38,196,29,233,76,210
121,38,6,147,110,152,238,236,186
121,39,6,66,111,178,11,176,223
121,40,6,26,206,232,188,117,18
121,41,6,133,112,83,6,233,29
121,42,6,97,209,72,210,237,68
122,3,6,60,74,138,111,134,213
122,4,6,16,119,97,161,32,24
122,5,6,20,209,63,86,211,169
122,6,6,213,51,64,1,188,146
122,7,6,105,251,238,12,137,241
122,8,6,179,191,185,175,43,25
122,9,6,185,184,26,216,235,215
122,10,6,153,40,86,11,150,33
122,11,6,119,173,232,247,26,204
122,12,6,122,154,205,142,14,111
122,13,6,148,14,74,170,107,15
122,14,6,235,248,242,245,99,49
122,15,6,129,176,246,140,104,92
122,16,6,176,144,85,227,56,168
122,17,6,222,211,119,61,104,68
122,18,6,209,163,225,167,48,185
122,19,6,136,116,140,111,171,81
122,20,6,40,187,93,45,253,215
122,21,6,145,49,235,131,146,210
122,22,6,119,61,220,153,255,156
122,23,6,155,141,5,182,94,252
122,24,6,189,112,209,118,177,190
122,25,6,92,220,176,189,46,54
122,26,6,53,39,166,91,78,3
122,27,6,168,166,102,222,62,119
122,28,6,152,7,222,170,151,189
122,29,6,66,98,79,85,238,202
122,30,6,91,67,229,21,43,248
122,31,6,241,45,129,180,237,97
122,32,6,81,174,177,221,7,158
122,33,6,143,158,55,181,212,25
122,34,6,167,227,8,120,243,195
122,35,6,99,107,43,131,34,235
122,36,6,16,25,1,241,95,90
122,37,6,38,196,29,76,210,199
122,38,6,110,238,152,186,236,147
122,39,6,66,111,202,178,106,176
122,40,6,26,206,117,232,22,188
122,41,6,133,112,6,233,83,23
122,42,6,97,210,209,72,68,237
123,3,6,150,60,166,134,111,213
123,4,6,16,97,24,3,161,119
123,5,6,20,86,169,209,63,211
123,6,6,213,51,111,146,138,1
123,7,6,251,122,238,105,12,137
123,8,6,200,175,115,191,185,43
123,9,6,184,235,242,216,215,185
123,10,6,40,153,86,11,150,175
123,11,6,119,232,173,26,204,207
123,12,6,122,142,154,14,205,210
123,13,6,148,74,14,15,38,107
123,14,6,248,235,242,245,49,99
123,15,6,129,176,104,140,246,183
123,16,6,176,144,227,85,56,168
123,17,6,119,61,211,222,104,93
123,18,6,209,167,163,225,160,166
123,19,6,116,60,81,171,111,140
123,20,6,40,187,45,253,215,93
123,21,6,145,49,235,155,146,130
123,22,6,119,61,220,156,135,255
123,23,6,141,155,5,252,182,94
123,24,6,189,209,112,118,124,190
123,25,6,92,220,176,189,46,54
123,26,6,53,39,166,91,78,253
123,27,6,166,168,62,222,102,152
123,28,6,152,7,170,222,189,151
123,29,6,66,79,98,238,202,85
123,30,6,91,67,21,43,229,12
123,31,6,241,45,97,237,129,106
123,32,6,81,177,221,7,174,158
123,33,6,158,143,55,212,181,147
123,34,6,227,167,120,195,8,243
123,35,6,99,34,131,107,238,43
123,36,6,25,16,241,1,95,239
123,37,6,38,196,29,210,233,76
123,38,6,110,238,152,236,186,147
123,39,6,202,111,106,66,178,176
123,40,6,26,206,117,232,18,188
123,41,6,133,112,233,6,83,23
123,42,6,97,210,68,127,72,237
124,3,6,60,74,111,134,213,150
124,4,6,16,32,119,24,3,161
124,5,6,20,86,209,169,63,252
124,6,6,213,51,64,146,138,188
124,7,6,251,105,12,238,241,137
124,8,6,179,191,175,43,115,185
124,9,6,216,185,235,215,242,184
124,10,6,86,40,175,153,150,11
124,11,6,119,173,204,232,207,26
124,12,6,205,142,122,154,14,210
124,13,6,74,14,148,15,107,38
124,14,6,235,248,245,1,242,156
124,15,6,176,129,140,183,104,246
124,16,6,176,227,85,168,56,144
124,17,6,211,222,119,61,104,93
124,18,6,209,225,163,185,160,167
124,19,6,81,171,116,140,111,163
124,20,6,45,187,40,93,253,60
124,21,6,145,146,49,210,235,130
124,22,6,119,220,255,156,135,61
124,23,6,155,141,252,5,182,108
124,24,6,189,124,209,177,112,190
124,25,6,220,92,189,176,133,46
124,26,6,53,39,166,91,78,4
124,27,6,166,62,152,168,222,77
124,28,6,152,7,222,170,189,94
124,29,6,66,202,79,85,139,238
124,30,6,91,67,43,229,248,12
124,31,6,241,45,106,97,237,129
124,32,6,177,81,158,7,221,174
124,33,6,158,55,143,80,147,25
124,34,6,227,120,176,167,243,195
124,35,6,34,99,131,107,238,235
124,36,6,25,16,241,1,95,174
124,37,6,38,196,29,13,199,233
124,38,6,238,110,152,186,236,147
124,39,6,66,106,178,176,223,111
124,40,6,26,206,232,117,188,18
124,41,6,133,83,6,233,112,29
124,42,6,97,209,210,68,72,237
125,3,6,60,74,111,134,150,166
125,4,6,16,119,32,24,97,3
125,5,6,20,86,209,63,169,252
125,6,6,213,51,64,138,1,146
125,7,6,251,105,241,238,12,122
125,8,6,115,43,191,185,175,179
125,9,6,185,215,184,235,26,242
125,10,6,153,175,86,150,40,11
125,11,6,173,232,204,247,26,207
125,12,6,205,122,154,142,210,14
125,13,6,74,38,148,14,15,107
125,14,6,248,235,99,49,1,245
125,15,6,129,176,140,104,246,183
125,16,6,176,227,168,85,144,56
125,17,6,222,119,211,104,61,93
125,18,6,209,225,48,163,160,167
125,19,6,136,171,116,140,111,81
125,20,6,40,187,146,253,93,60
125,21,6,235,49,145,146,130,155
125,22,6,119,220,255,135,156,153
125,23,6,155,141,252,182,5,94
125,24,6,189,112,124,209,190,118
125,25,6,92,220,176,189,71,46
125,26,6,53,166,39,78,91,4
125,27,6,166,62,222,168,152,77
125,28,6,152,222,170,7,189,229
125,29,6,66,202,79,139,238,98
125,30,6,91,67,43,229,12,248
125,31,6,241,45,106,129,180,97
125,32,6,81,177,174,7,221,158
125,33,6,158,55,143,25,147,181
125,34,6,227,120,167,243,176,195
125,35,6,99,34,107,131,43,235
125,36,6,16,25,95,1,241,174
125,37,6,38,196,29,199,233,210
125,38,6,238,110,236,186,152,147
125,39,6,66,176,202,178,11,111
125,40,6,26,206,232,188,117,18
125,41,6,133,83,6,29,233,112
125,42,6,97,209,237,210,72,68
126,3,6,60,74,150,134,166,138
126,4,6,16,119,32,24,3,161
126,5,6,20,86,209,63,169,211
126,6,6,213,51,64,138,188,146
126,7,6,238,105,241,251,137,12
126,8,6,191,43,175,185,25,179
126,9,6,185,184,215,26,173,235
126,10,6,150,153,40,11,86,175
126,11,6,173,26,204,232,207,247
126,12,6,154,205,122,142,111,14
126,13,6,74,170,38,107,14,148
126,14,6,99,248,235,245,1,242
126,15,6,129,176,246,183,140,92
126,16,6,176,227,168,56,144,85
126,17,6,222,119,211,104,93,61
126,18,6,209,163,48,225,185,160
126,19,6,136,116,171,140,163,111
126,20,6,40,187,45,93,215,253
126,21,6,235,131,49,145,146,130
126,22,6,220,119,153,255,156,135
126,23,6,155,141,252,5,182,94
126,24,6,112,209,189,177,118,124
126,25,6,176,92,220,46,189,54
126,26,6,53,39,166,78,253,91
126,27,6,166,62,152,168,222,102
126,28,6,152,170,189,7,222,151
126,29,6,66,79,202,238,98,139
126,30,6,91,67,43,229,12,248
126,31,6,241,45,129,237,106,97
126,32,6,174,81,177,221,7,158
126,33,6,143,158,55,212,25,80
126,34,6,167,120,227,195,176,20
126,35,6,99,107,43,235,238,131
126,36,6,174,241,16,1,25,95
126,37,6,38,196,29,13,199,76
126,38,6,110,152,186,238,236,147
126,39,6,66,111,11,176,202,178
126,40,6,26,206,232,188,117,18
126,41,6,133,112,233,83,23,6
126,42,6,97,209,72,210,68,3
127,3,6,60,150,166,134,213,111
127,4,6,16,97,24,3,119,161
127,5,6,20,86,209,63,169,211
127,6,6,213,51,111,1,138,146
127,7,6,122,238,251,105,12,137
127,8,6,200,115,175,185,43,191
127,9,6,184,235,185,215,173,242
127,10,6,86,40,153,11,150,175
127,11,6,173,232,26,204,247,207
127,12,6,122,205,154,142,14,210
127,13,6,74,148,14,38,15,107
127,14,6,248,235,245,1,99,49
127,15,6,176,104,129,140,183,246
127,16,6,176,227,144,56,168,85
127,17,6,119,211,222,104,61,93
127,18,6,209,163,225,160,166,48
127,19,6,116,60,171,81,111,140
127,20,6,40,187,45,253,215,93
127,21,6,145,49,235,146,130,155
127,22,6,119,220,156,135,255,153
127,23,6,155,141,252,5,182,94
127,24,6,112,189,209,118,124,177
127,25,6,92,220,176,189,46,54
127,26,6,53,39,166,78,91,4
127,27,6,166,168,62,222,152,102
127,28,6,152,7,170,222,189,94
127,29,6,66,79,98,202,238,139
127,30,6,91,67,43,229,12,248
127,31,6,241,45,129,97,237,106
127,32,6,81,177,174,7,221,158
127,33,6,143,158,55,212,181,147
127,34,6,227,120,167,195,20,8
127,35,6,99,34,43,238,107,131
127,36,6,16,25,241,1,95,239
127,37,6,38,196,29,76,233,210
127,38,6,152,110,238,236,186,147
127,39,6,111,178,202,106,66,176
127,40,6,26,232,206,188,18,117
127,41,6,133,112,233,6,83,29
127,42,6,97,210,72,68,127,3
128,3,6,60,111,74,134,150,166
128,4,6,32,16,24,97,3,161
128,5,6,86,20,209,63,252,169
128,6,6,213,146,51,1,111,138
128,7,6,251,105,238,12,241,137
128,8,6,200,115,175,43,185,191
128,9,6,216,184,242,235,185,173
128,10,6,86,40,153,11,175,150
128,11,6,232,119,204,173,26,207
128,12,6,122,205,142,154,14,210
128,13,6,148,14,38,15,74,107
128,14,6,248,235,242,245,99,156
128,15,6,176,129,140,104,92,246
128,16,6,176,85,144,56,168,227
128,17,6,119,211,104,222,61,68
128,18,6,209,160,225,163,167,185
128,19,6,81,116,171,111,140,163
128,20,6,187,40,45,93,253,60
128,21,6,145,49,235,146,130,210
128,22,6,119,220,156,255,135,61
128,23,6,155,141,252,5,182,94
128,24,6,112,189,209,118,124,177
128,25,6,92,220,176,189,46,54
128,26,6,53,166,39,78,91,4
128,27,6,166,168,77,62,222,102
128,28,6,152,7,170,222,151,189
128,29,6,66,79,98,202,238,139
128,30,6,91,67,43,229,248,12
128,31,6,241,45,129,97,180,106
128,32,6,177,81,7,158,174,214
128,33,6,158,55,143,212,181,147
128,34,6,227,120,195,176,243,167
128,35,6,99,34,131,238,43,107
128,36,6,25,16,241,1,174,90
128,37,6,38,196,29,233,210,199
128,38,6,110,238,152,186,147,236
128,39,6,66,111,178,106,11,223
128,40,6,26,206,188,117,232,18
128,41,6,133,6,112,83,233,23
128,42,6,97,237,68,210,72,127
129,3,6,60,74,134,111,166,213
129,4,6,16,32,3,24,97,161
129,5,6,20,86,209,63,252,211
129,6,6,213,51,64,111,188,138
129,7,6,105,251,12,137,238,241
129,8,6,175,200,115,43,185,179
129,9,6,185,216,215,235,173,184
129,10,6,86,175,153,40,150,11
129,11,6,173,232,204,26,119,207
129,12,6,205,142,122,154,14,210
129,13,6,14,107,15,148,38,74
129,14,6,248,235,1,245,49,99
129,15,6,176,129,140,104,183,246
129,16,6,176,85,168,227,56,144
129,17,6,119,222,104,211,61,93
129,18,6,209,225,163,48,167,185
129,19,6,81,171,116,163,136,140
129,20,6,187,40,45,93,253,60
129,21,6,145,235,49,130,146,155
129,22,6,119,220,156,255,61,135
129,23,6,155,252,141,5,182,94
129,24,6,112,189,124,209,177,118
129,25,6,92,176,220,189,54,46
129,26,6,53,39,78,166,253,4
129,27,6,166,168,102,62,222,152
129,28,6,152,7,170,222,189,94
129,29,6,66,79,98,202,139,238
129,30,6,91,67,229,43,248,12
129,31,6,241,45,129,106,180,97
129,32,6,81,177,7,221,158,214
129,33,6,158,212,55,80,143,181
129,34,6,227,120,195,243,20,167
129,35,6,99,34,235,131,43,238
129,36,6,25,16,241,174,1,90
129,37,6,38,196,29,210,199,233
129,38,6,238,110,186,152,147,236
129,39,6,66,178,11,111,223,106
129,40,6,26,206,188,117,232,18
129,41,6,133,6,112,83,29,233
129,42,6,97,72,237,210,3,68
130,3,6,60,166,150,213,111,74
130,4,6,16,97,161,119,3,24
130,5,6,20,86,252,169,161,209
130,6,6,51,213,111,1,138,146
130,7,6,122,105,251,137,241,238
130,8,6,200,175,115,185,43,179
130,9,6,184,185,242,173,235,215
130,10,6,40,11,153,86,175,150
130,11,6,173,26,232,119,204,247
130,12,6,14,122,185,205,210,142
130,13,6,38,74,40,14,170,148
130,14,6,235,1,242,99,248,49
130,15,6,104,92,176,71,140,246
130,16,6,85,176,179,84,144,227
130,17,6,3,222,61,104,211,93
130,18,6,209,166,160,185,48,225
130,19,6,60,81,171,163,116,111
130,20,6,187,45,40,146,93,253
130,21,6,145,49,235,130,146,155
130,22,6,119,220,156,255,153,61
130,23,6,155,252,141,5,108,94
130,24,6,112,189,209,124,118,177
130,25,6,176,92,220,189,71,46
130,26,6,53,39,166,78,253,4
130,27,6,166,168,102,222,62,152
130,28,6,152,170,7,151,222,94
130,29,6,66,98,79,202,238,139
130,30,6,91,67,248,229,43,18
130,31,6,241,45,129,180,97,106
130,32,6,81,177,7,158,174,221
130,33,6,158,212,55,143,80,25
130,34,6,120,227,243,195,167,176
130,35,6,99,34,131,235,43,107
130,36,6,16,25,241,174,1,90
130,37,6,38,196,29,210,13,233
130,38,6,110,238,152,186,236,147
130,39,6,66,178,106,11,223,111
130,40,6,26,206,188,232,117,18
130,41,6,133,6,112,29,83,233
130,42,6,97,237,210,72,3,68
131,3,6,60,74,134,111,166,138
131,4,6,32,119,16,3,97,161
131,5,6,20,86,209,63,211,252
131,6,6,213,51,64,111,146,188
131,7,6,105,251,137,12,238,135
131,8,6,179,175,185,25,115,43
131,9,6,185,216,26,215,184,235
131,10,6,86,40,153,175,11,33
131,11,6,207,204,247,119,26,232
131,12,6,205,154,142,122,14,210
131,13,6,14,107,148,38,15,74
131,14,6,248,235,245,1,49,99
131,15,6,129,176,140,246,183,104
131,16,6,176,168,85,144,227,56
131,17,6,222,119,211,104,61,68
131,18,6,209,48,225,163,167,160
131,19,6,136,116,81,140,171,163
131,20,6,40,187,93,45,253,215
131,21,6,145,235,49,130,131,146
131,22,6,119,153,220,156,255,61
131,23,6,155,5,141,182,252,94
131,24,6,112,209,189,124,177,118
131,25,6,220,92,189,176,54,46
131,26,6,53,78,166,4,39,3
131,27,6,168,166,62,102,222,152
131,28,6,152,170,222,7,151,189
131,29,6,66,202,98,79,238,139
131,30,6,91,67,229,248,43,12
131,31,6,241,45,97,106,180,129
131,32,6,177,81,174,158,7,221
131,33,6,143,55,158,147,181,25
131,34,6,167,227,120,243,195,20
131,35,6,99,107,131,34,43,238
131,36,6,16,25,95,90,1,241
131,37,6,38,196,29,76,13,199
131,38,6,110,238,152,236,151,186
131,39,6,66,111,178,106,202,176
131,40,6,26,206,232,117,188,18
131,41,6,133,112,83,6,233,29
131,42,6,97,210,209,72,68,237
132,3,6,60,74,111,166,213,134
132,4,6,16,32,24,161,3,119
132,5,6,209,86,20,63,211,169
132,6,6,213,64,51,1,138,188
132,7,6,105,251,12,137,241,135
132,8,6,43,185,175,191,25,115
132,9,6,185,216,184,235,215,26
132,10,6,86,175,40,153,11,150
132,11,6,232,207,204,247,119,173
132,12,6,205,142,154,122,14,210
132,13,6,148,107,14,15,38,74
132,14,6,248,1,245,99,49,235
132,15,6,176,129,140,104,183,246
132,16,6,176,168,227,85,144,56
132,17,6,222,119,211,61,104,68
132,18,6,209,48,225,163,160,185
132,19,6,81,171,116,111,140,136
132,20,6,187,45,40,93,253,60
132,21,6,145,235,49,146,210,130
132,22,6,119,153,220,156,135,255
132,23,6,155,5,252,141,182,94
132,24,6,112,209,189,124,118,177
132,25,6,176,92,220,189,133,46
132,26,6,53,78,4,3,39,166
132,27,6,166,168,62,102,152,222
132,28,6,152,170,222,7,151,189
132,29,6,66,202,79,238,98,139
132,30,6,91,67,248,229,43,12
132,31,6,241,45,129,97,180,106
132,32,6,81,177,174,158,7,221
132,33,6,143,55,158,25,181,147
132,34,6,167,227,120,243,195,176
132,35,6,99,34,131,235,43,238
132,36,6,16,25,1,90,95,241
132,37,6,38,196,29,13,233,76
132,38,6,238,110,152,236,151,147
132,39,6,66,178,111,11,202,106
132,40,6,26,206,232,117,18,188
132,41,6,133,6,233,112,83,23
132,42,6,97,237,72,68,210,127
133,3,6,60,74,111,138,134,166
133,4,6,119,16,32,24,161,97
133,5,6,20,209,211,252,63,169
133,6,6,213,64,51,1,138,188
133,7,6,238,251,105,241,12,137
133,8,6,185,175,179,43,191,115
133,9,6,26,185,216,215,235,184
133,10,6,150,40,175,11,86,153
133,11,6,173,26,204,247,207,232
133,12,6,205,142,122,154,14,210
133,13,6,107,14,148,15,74,38
133,14,6,248,245,235,1,242,49
133,15,6,176,71,129,140,246,183
133,16,6,176,168,227,56,85,84
133,17,6,222,119,211,61,104,68
133,18,6,209,163,48,225,167,185
133,19,6,136,116,171,163,81,111
133,20,6,40,253,187,93,45,60
133,21,6,145,235,146,130,49,155
133,22,6,119,220,153,255,156,61
133,23,6,155,252,141,5,94,182
133,24,6,112,209,189,216,118,177
133,25,6,220,176,189,92,46,54
133,26,6,53,253,166,91,3,4
133,27,6,166,168,62,152,222,119
133,28,6,152,170,94,7,222,229
133,29,6,66,202,79,98,238,139
133,30,6,91,67,229,12,43,248
133,31,6,241,45,129,180,97,106
133,32,6,94,158,177,174,81,221
133,33,6,143,158,55,25,212,147
133,34,6,167,227,176,120,243,195
133,35,6,99,107,131,235,238,34
133,36,6,16,25,1,95,241,239
133,37,6,38,196,76,29,210,233
133,38,6,110,238,236,151,186,152
133,39,6,66,111,178,176,11,202
133,40,6,26,206,117,232,188,22
133,41,6,133,112,83,6,233,29
133,42,6,97,210,72,209,68,3
