prompt,step,d1,d2,d3,d4,d5,g1,g2,g3,g4,g5,c1,c2,c3,c4,c5
code,0,260,15255,2019,396,2019,260,15255,2019,396,1383,7.41618,4.29001,3.60679,3.14283,0.86853
code,1,15255,2019,396,1383,6802,15255,2019,396,1383,6802,6.15993,4.106,3.75464,1.42794,1.71524
code,2,2019,396,1383,6802,74134,2019,396,1383,6802,260,8.77144,5.19278,1.36464,1.95878,1.08167
code,3,396,1383,6802,74134,4245,396,1383,6802,260,74134,5.59224,3.37293,3.91486,3.6307,1.40162
code,4,1383,6802,260,74134,4245,1383,6802,260,74134,4245,6.52998,6.13461,4.45619,4.96253,2.25953
code,5,6802,260,74134,4245,305,6802,260,74134,4245,305,17.97696,5.53272,5.41397,5.40213,1.32924
code,6,260,74134,4245,305,10340,260,74134,4245,305,10340,4.27024,4.6845,4.979,1.10012,0.14445
code,7,74134,4245,305,10340,270,74134,4245,305,10340,270,10.17959,9.19558,3.9771,3.59294,4.16788
code,8,4245,305,10340,270,2595,4245,305,10340,270,2595,11.75007,4.69451,3.94509,3.73304,2.63654
code,9,305,10340,270,2595,294,305,10340,270,2595,294,5.91357,4.2985,5.04126,3.6201,3.61755
code,10,10340,270,2595,294,270,10340,270,2595,294,270,3.58833,4.90027,2.55134,3.87008,2.52381
code,11,270,2595,294,270,1957,270,2595,294,270,1957,8.80737,9.26748,8.24779,4.54074,5.36663
code,12,2595,294,270,1957,7133,2595,294,270,1957,7133,16.14778,8.53002,4.88647,6.10316,6.40554
code,13,294,270,1957,7133,979,294,270,1957,7133,418,9.86679,5.54169,7.10808,7.09188,1.47124
code,14,270,1957,7133,979,9854,270,1957,7133,418,2443,5.36838,7.49127,8.28938,2.19602,2.87092
code,15,1957,7133,979,9854,36490,1957,7133,418,2443,5610,8.29437,11.38448,2.42997,3.53173,3.63872
code,16,7133,979,9854,36490,201,7133,418,2443,5610,17363,13.5595,2.80867,3.67263,3.95427,4.08076
code,17,979,9854,36490,201,1897,418,2443,5610,17363,979,2.46277,3.83657,4.32701,3.618,1.5219
code,18,2443,5610,17363,979,9854,2443,5610,17363,979,9854,1.40863,5.06911,5.70081,3.88258,3.3515
code,19,5610,17363,979,9854,36490,5610,17363,979,9854,36490,8.34781,10.79559,2.50596,5.01535,4.81822
code,20,17363,979,9854,36490,201,17363,979,9854,36490,201,19.62872,3.37265,7.26886,6.48013,6.75823
code,21,979,9854,36490,201,1897,979,9854,36490,201,1897,6.70317,8.62324,8.30924,8.99052,1.84278
code,22,9854,36490,201,1897,57907,9854,36490,201,1897,57907,9.51278,9.71659,11.75664,2.13992,2.5611
code,23,36490,201,1897,57907,201,36490,201,1897,57907,271,21.82883,11.85559,1.94324,2.06239,1.80006
code,24,201,1897,57907,201,5356,201,1897,57907,271,3465,12.95336,2.37363,2.37957,1.00753,2.60041
code,25,1897,57907,271,3465,2595,1897,57907,271,3465,2595,3.37244,3.8009,0.428,2.17091,1.00104
code,26,57907,271,3465,2595,19704,57907,271,3465,2595,65,5.67141,0.66033,4.05788,1.88307,1.1945
code,27,271,3465,2595,65,10930,271,3465,2595,65,10930,1.1549,4.57585,2.76193,0.79464,0.67661
code,28,3465,2595,65,10930,62929,3465,2595,65,10930,62929,8.11736,2.96912,0.6968,0.72178,-0.49321
code,29,2595,65,10930,62929,62975,2595,65,10930,62929,29223,4.52354,0.24189,0.55024,-0.5914,-0.25649
code,30,65,10930,62929,47535,3395,65,10930,62929,29223,17555,2.55766,2.10531,0.45858,-0.20563,0.71157
code,31,10930,62929,62975,3395,361,10930,62929,29223,17555,3395,6.77972,3.55049,0.3767,1.07384,2.52641
code,32,62929,62975,3395,361,16786,62929,29223,17555,3395,361,3.45772,0.33687,1.14975,2.26845,1.34167
code,33,6434,12731,19086,3395,361,29223,17555,3395,361,16786,1.17672,1.44508,0.78618,0.62899,3.07348
code,34,9860,3395,361,16786,361,17555,3395,361,16786,361,1.42471,2.65496,6.50158,2.56467,4.07125
code,35,3395,361,16786,361,6313,3395,361,16786,361,82630,4.68409,7.83945,2.72137,4.35273,1.96691
code,36,361,16786,361,6313,270,361,16786,361,82630,260,12.6233,7.32144,6.76389,1.11533,2.95194
code,37,16786,361,82630,270,2595,16786,361,82630,260,74134,8.0324,7.23872,1.09787,2.91494,2.07013
code,38,361,82630,270,2595,294,361,82630,260,74134,4245,13.08419,1.68121,1.035,0.64722,0.77415
code,39,82630,270,2595,294,270,82630,260,74134,4245,305,1.33867,1.30147,0.43811,1.10304,0.60023
code,40,260,74134,4245,305,1354,260,74134,4245,305,1354,3.7932,5.44915,4.18491,3.13012,1.6052
code,41,74134,4245,305,1354,270,74134,4245,305,1354,270,11.01366,8.85165,7.76113,1.95073,5.99399
code,42,4245,305,1354,270,2595,4245,305,1354,270,2595,12.78732,8.63549,1.6732,7.24343,5.85891
code,43,305,1354,270,2595,294,305,1354,270,2595,294,9.68202,2.38022,7.44573,5.51567,5.95696
code,44,1354,270,2595,294,270,1354,270,2595,294,710,3.98248,6.78902,4.42771,5.06201,4.82248
code,45,270,2595,294,270,1957,270,2595,294,710,3785,7.89217,5.96077,6.67315,2.88691,2.86986
code,46,2595,294,270,1957,7133,2595,294,710,3785,295,12.4155,8.03871,1.89342,2.2324,2.49317
code,47,294,270,1957,7133,339,294,710,3785,295,270,8.31765,3.55499,3.10427,3.13425,0.46045
code,48,710,3785,295,270,1957,710,3785,295,270,1957,1.16165,0.69528,2.24717,2.70031,0.74275
code,49,3785,295,270,1957,7133,3785,295,270,1957,7133,3.21553,3.89414,4.05044,3.10583,3.4119
code,50,295,270,1957,7133,603,295,270,1957,7133,603,6.42139,7.36942,7.50121,7.01432,1.94431
code,51,270,1957,7133,603,5191,270,1957,7133,603,5191,9.04885,8.3713,9.53892,1.96002,3.6747
code,52,1957,7133,603,5191,361,1957,7133,603,5191,361,16.96129,12.2901,2.34886,4.73724,3.91704
code,53,7133,603,5191,361,93634,7133,603,5191,361,93634,12.40681,3.09425,5.16053,3.91057,1.69837
code,54,603,5191,361,93634,1137,603,5191,361,93634,1137,2.56364,5.52758,3.90433,1.70804,4.42028
code,55,5191,361,93634,1137,528,5191,361,93634,1137,528,8.79804,5.37926,0.46104,3.88997,2.02889
code,56,361,93634,1137,528,4245,361,93634,1137,528,4245,10.80437,1.65759,5.14217,2.59423,2.93299
code,57,93634,1137,528,4245,17555,93634,1137,528,4245,17555,1.79408,5.35775,2.94988,2.96957,3.40412
code,58,1137,528,4245,17555,343,1137,528,4245,17555,343,12.18377,8.02187,7.31744,10.18312,0.62687
code,59,528,4245,17555,343,2533,528,4245,17555,343,2533,11.60395,10.49012,10.57988,2.83231,3.20237
code,60,4245,17555,343,2533,2605,4245,17555,343,2533,2605,13.44117,12.72203,4.70862,4.60241,3.64046
code,61,17555,343,2533,2605,15062,17555,343,2533,2605,15062,14.60243,4.8498,4.51105,4.03633,1.3628
code,62,343,2533,2605,15062,304,343,2533,2605,15062,304,5.52531,5.13995,4.8587,1.75581,1.65029
code,63,2533,2605,15062,304,270,2533,2605,15062,304,270,9.83986,11.76406,3.45862,3.94701,5.09117
code,64,2605,15062,304,270,74134,2605,15062,304,270,74134,12.95693,3.82831,6.26909,5.44553,3.20645
code,65,15062,304,270,74134,4245,15062,304,270,74134,4245,11.49544,2.59876,6.49478,2.86233,4.09251
code,66,304,270,74134,4245,10027,304,270,74134,4245,42130,8.61661,6.12506,4.34418,4.57504,3.18639
code,67,270,74134,4245,42130,361,270,74134,4245,42130,361,8.51967,5.74899,5.18016,0.85362,4.66895
code,68,74134,4245,42130,361,27669,74134,4245,42130,361,27669,10.53513,8.00986,1.10391,4.63246,5.09945
code,69,4245,42130,361,27669,1137,4245,42130,361,27669,1137,8.61466,1.71777,4.64356,4.37837,3.67759
code,70,42130,361,27669,1137,528,42130,361,27669,1137,528,1.4928,4.97668,3.29019,2.46308,3.89677
code,71,361,27669,1137,528,12249,361,27669,1137,528,12249,10.29073,4.74643,9.76279,8.36847,0.43269
code,72,27669,1137,528,12249,28,27669,1137,528,12249,28,13.75619,12.00927,8.32391,1.42377,3.25485
code,73,1137,528,12249,28,455,1137,528,12249,28,6313,12.19032,6.71564,1.27623,2.08843,-0.23454
code,74,528,12249,28,6313,294,528,12249,28,6313,294,9.89748,4.60977,3.20373,0.72859,1.88035
code,75,12249,28,6313,294,270,12249,28,6313,294,710,5.77978,0.74635,0.72077,1.13259,0.31853
code,76,28,6313,294,710,3785,28,6313,294,710,45442,3.1629,1.21172,2.89897,0.60753,0.19364
code,77,6313,294,710,3785,295,6313,294,710,45442,3785,3.53183,5.08445,1.27815,1.03617,1.77667
code,78,294,710,3785,295,270,294,710,45442,3785,295,8.38505,1.44689,0.83723,1.73441,1.59977
code,79,710,3785,295,270,1957,710,45442,3785,295,270,2.02206,2.68799,3.56346,3.37223,2.58841
code,80,45442,3785,295,270,1957,45442,3785,295,270,1957,1.227,3.37775,3.27516,3.5758,3.74792
code,81,3785,295,270,1957,7133,3785,295,270,1957,7133,6.84759,6.39578,6.30025,5.70272,7.02468
code,82,295,270,1957,7133,42130,295,270,1957,7133,42130,5.95114,7.04119,7.76599,8.85224,1.21081
code,83,270,1957,7133,42130,361,270,1957,7133,42130,361,7.02531,8.96602,10.58219,1.73933,2.91776
code,84,1957,7133,42130,361,62984,1957,7133,42130,361,62984,14.9155,14.3956,2.05549,2.93914,2.18307
code,85,7133,42130,361,62984,273,7133,42130,361,62984,273,12.23731,1.86586,3.12364,1.88371,3.72857
code,86,42130,361,62984,273,1137,42130,361,62984,273,1137,2.46706,2.65132,1.97718,3.46143,2.0216
code,87,361,62984,273,1137,528,361,62984,273,1137,528,7.32,5.32133,6.17681,6.22698,3.54787
code,88,62984,273,1137,528,13559,62984,273,1137,528,13559,9.90345,11.55196,10.9286,5.97513,1.10082
code,89,273,1137,528,13559,44701,273,1137,528,13559,44701,11.89039,11.65086,9.24406,0.89545,2.54249
code,90,1137,528,13559,44701,9000,1137,528,13559,44701,9000,13.94742,10.80075,1.02387,5.02941,4.92964
code,91,528,13559,44701,9000,28,528,13559,44701,9000,28,9.2293,1.93753,5.43686,5.24942,4.32652
code,92,13559,44701,9000,28,2052,13559,44701,9000,28,2052,10.40714,11.06176,11.97063,8.37386,2.32773
code,93,44701,9000,28,2052,270,44701,9000,28,2052,270,12.19744,15.23156,9.34463,4.30535,1.97804
code,94,9000,28,2052,270,4245,9000,28,2052,270,4245,15.47437,12.07927,6.44685,1.53643,1.10095
code,95,28,2052,270,4245,1918,28,2052,270,4245,5354,17.19513,10.47049,1.42542,1.50267,1.31575
code,96,2052,270,74134,4245,5354,2052,270,4245,5354,1664,10.51226,3.80561,1.13476,3.05304,1.08857
code,97,270,4245,5354,1664,3673,270,4245,5354,1664,3673,7.20527,0.89886,3.93424,7.47136,2.63478
code,98,4245,5354,1664,3673,201,4245,5354,1664,3673,201,1.60013,2.32758,8.05107,3.27241,4.61429
code,99,5354,1664,3673,201,528,5354,1664,3673,201,528,1.68875,9.51784,3.3869,2.49547,2.26062
code,100,1664,3673,201,528,74418,1664,3673,201,528,74418,15.41888,11.44214,3.02988,6.99945,1.13654
code,101,3673,201,528,74418,28,3673,201,528,74418,28,17.80421,5.06513,7.09919,1.49916,3.3967
code,102,201,528,74418,28,2052,201,528,74418,28,2052,5.88602,7.45776,1.25745,3.1781,1.24333
code,103,528,74418,28,2052,270,528,74418,28,2052,270,10.36889,1.43578,3.1694,2.28154,0.77476
code,104,74418,28,2052,270,74134,74418,28,2052,270,1957,0.72574,3.15571,3.13722,1.32611,0.11396
code,105,28,2052,270,74134,4245,28,2052,270,1957,7133,9.19706,6.51863,2.15351,-0.08162,-0.22236
code,106,2052,270,74134,4245,7272,2052,270,1957,7133,7272,13.54555,1.57448,0.40899,0.44554,-0.34288
code,107,270,1957,7133,7272,1119,270,1957,7133,7272,2408,1.46435,1.24007,1.96614,-0.22267,-0.23748
code,108,1957,7133,7272,1119,45442,1957,7133,7272,2408,5611,1.74558,3.01801,-0.0421,-0.44654,-0.88598
code,109,7133,7272,1119,45442,3785,7133,7272,2408,5611,40560,6.53656,0.26787,0.12603,-0.40644,-0.51362
code,110,7272,2408,5611,40560,3785,7272,2408,5611,40560,3785,2.47114,0.30969,0.65522,0.94436,-0.26264
code,111,2408,5611,40560,3785,201,2408,5611,40560,3785,201,2.83969,2.0395,3.29048,1.49321,1.05396
code,112,5611,40560,3785,201,528,5611,40560,3785,201,528,5.25255,5.79071,1.95036,3.93687,1.57807
code,113,40560,3785,201,528,13145,40560,3785,201,528,13145,14.1132,4.14378,2.48999,2.80332,0.0043
code,114,3785,201,528,13145,9000,3785,201,528,13145,9000,6.38504,2.03745,2.64712,0.12195,0.78591
code,115,201,528,13145,9000,28,201,528,13145,9000,28,2.40657,2.87181,0.0979,1.0569,1.02329
code,116,528,13145,9000,28,2052,528,13145,9000,28,2052,2.31001,0.02907,0.98915,0.86116,-0.14953
code,117,13145,9000,28,2052,270,13145,9000,28,2052,1117,0.79878,2.5683,2.42808,1.31951,1.08642
code,118,9000,28,2052,270,74134,9000,28,2052,1117,6946,12.59292,8.55724,6.11863,1.83236,0.17511
code,119,28,2052,270,74134,769,28,2052,1117,6946,769,11.50634,7.73992,2.08358,0.30511,0.19927
code,120,2052,270,74134,769,18419,2052,1117,6946,769,18419,13.39528,0.86369,0.54643,0.59661,0.46322
code,121,270,74134,5354,1664,611,1117,6946,769,18419,1099,0.62136,0.67761,0.58553,6.2325,0.64255
code,122,6946,5354,1664,611,18419,6946,769,18419,1099,223,2.44066,0.8963,6.59267,2.35967,0.48108
code,123,769,18419,1099,223,20,769,18419,1099,223,20,1.81056,0.73393,2.2529,0.72323,1.2756
code,124,18419,1099,223,20,17397,18419,1099,223,20,17397,3.16789,5.857,1.97519,1.52622,1.77134
code,125,1099,223,20,17397,201,1099,223,20,17397,201,4.88802,1.99339,3.23996,2.02979,1.32906
code,126,223,20,17397,201,361,223,20,17397,201,361,4.5027,6.72555,4.71711,4.3304,1.84444
code,127,20,17397,201,361,16786,20,17397,201,361,16786,11.8017,6.18859,4.8076,1.65102,1.05352
code,128,17397,201,361,16786,361,17397,201,361,16786,361,5.13248,5.0699,2.04406,1.74949,2.72136
code,129,201,361,16786,361,3047,201,361,16786,361,3452,5.31538,1.71195,1.43108,2.71713,0.60065
code,130,361,16786,361,3047,1137,361,16786,361,3452,438,1.66637,0.91368,2.88536,0.56173,-0.53324
code,131,16786,361,3047,1137,528,16786,361,3452,438,223,7.17116,0.80648,0.85458,0.73127,2.40755
code,132,361,3047,1137,528,418,361,3452,438,223,18,2.81941,0.64746,2.25308,3.60677,1.28921
code,133,3452,438,223,18,29406,3452,438,223,18,16,2.94293,0.62612,3.53176,3.68586,0.99439
code,134,438,223,18,16,18,438,223,18,16,18,0.86339,4.2782,4.72511,0.7597,2.33685
code,135,223,18,16,18,29406,223,18,16,18,29406,7.90551,9.64145,2.17363,6.02695,1.82998
code,136,18,16,18,29406,361,18,16,18,29406,361,16.81148,6.37073,11.19239,3.80619,7.12756
code,137,16,18,29406,361,3047,16,18,29406,361,3047,6.24215,10.2086,3.95422,7.03084,2.32959
code,138,18,29406,361,3047,1137,18,29406,361,3047,1137,17.22844,3.02129,8.40053,1.24715,2.63026
code,139,29406,361,3047,1137,528,29406,361,3047,1137,528,2.5838,12.55762,1.11188,2.73334,3.60113
code,140,361,3047,1137,528,418,361,3047,1137,528,418,15.57959,2.5629,4.74539,6.31019,3.61298
code,141,3047,1137,528,418,2526,3047,1137,528,418,2526,8.54559,9.72161,10.95103,4.63112,5.07355
code,142,1137,528,418,2526,29223,1137,528,418,2526,29223,12.98588,14.70349,5.27331,5.70887,5.42254
code,143,528,418,2526,29223,17555,528,418,2526,29223,17555,15.43748,5.43006,6.92446,5.53806,6.71404
code,144,418,2526,29223,17555,14,418,2526,29223,17555,14,9.26667,12.14043,8.86053,11.39042,9.62957
code,145,2526,29223,17555,14,905,2526,29223,17555,14,905,14.6565,9.22181,12.16813,10.13013,4.78178
code,146,29223,17555,14,905,84,29223,17555,14,905,84,14.76558,15.80947,12.25804,5.81902,4.8664
code,147,17555,14,905,84,6528,17555,14,905,84,1780,20.31579,15.61982,6.43743,6.39563,1.71459
code,148,14,905,84,6528,412,14,905,84,1780,1017,17.15537,7.4084,6.46918,1.79848,3.26377
code,149,905,84,1780,1017,4245,905,84,1780,1017,1836,9.09652,10.35154,2.52027,3.01782,1.1951
code,150,84,1780,1017,4245,1137,84,1780,1017,1836,6471,12.91391,1.73342,3.26368,2.33154,1.04025
code,151,1780,1017,1836,6471,6528,1780,1017,1836,6471,6528,1.85275,3.22999,1.52334,1.51977,0.92436
code,152,1017,1836,6471,6528,412,1017,1836,6471,6528,412,4.79568,6.6993,2.44831,0.69668,2.11706
code,153,1836,6471,6528,412,4245,1836,6471,6528,412,57907,7.99446,4.59027,2.21039,4.5391,1.47182
code,154,6471,6528,412,4245,1137,6471,6528,412,57907,8104,21.02157,3.1075,6.50208,1.13633,1.40241
code,155,6528,412,4245,1137,775,6528,412,57907,8104,1137,7.15624,6.58715,0.60513,1.20654,5.28296
code,156,412,4245,1137,775,12791,412,57907,8104,1137,775,8.29009,0.89451,0.81802,4.52952,0.87052
code,157,57907,8104,1137,775,1823,57907,8104,1137,775,12791,2.37617,1.50904,5.59376,2.44842,2.3065
code,158,8104,1137,775,12791,438,8104,1137,775,12791,438,1.59822,7.19041,8.64763,1.81877,1.51621
code,159,1137,775,12791,438,57907,1137,775,12791,438,57907,10.78394,11.9014,1.53019,1.64032,1.76104
code,160,775,12791,438,57907,17627,775,12791,438,57907,17627,11.20542,4.22919,4.2531,5.43592,2.14995
code,161,12791,438,57907,17627,264,12791,438,57907,17627,264,4.64428,6.7425,5.74817,2.71313,4.54212
code,162,438,57907,17627,264,6434,438,57907,17627,264,6434,11.02495,6.60814,2.54705,5.13684,3.65268
code,163,57907,17627,264,6434,12731,57907,17627,264,6434,12731,13.01326,8.31349,10.89041,6.98274,5.51702
code,164,17627,264,6434,12731,8104,17627,264,6434,12731,8104,10.1953,11.07522,6.95308,6.05571,4.84242
code,165,264,6434,12731,8104,682,264,6434,12731,8104,682,13.25405,7.67672,6.64403,5.24627,2.48449
code,166,6434,12731,8104,682,20256,6434,12731,8104,682,20256,13.95211,13.0852,11.87921,8.76897,0.83947
code,167,12731,8104,682,775,362,12731,8104,682,20256,775,14.50888,12.14954,9.72128,1.04311,1.17872
code,168,8104,682,775,362,6946,8104,682,20256,775,362,11.50316,9.81172,0.80725,1.12994,1.36538
code,169,682,20256,775,362,6946,682,20256,775,362,6946,11.37811,0.81451,4.29578,3.04885,0.78235
code,170,20256,775,362,6946,295,20256,775,362,6946,26365,2.6806,6.10663,4.48367,1.61364,1.53553
code,171,775,362,6946,26365,14,775,362,6946,26365,14,12.43746,3.09207,2.16188,1.40004,1.70267
code,172,362,6946,26365,14,6946,362,6946,26365,14,6946,4.40078,1.9125,1.06864,2.58438,1.75597
code,173,6946,26365,14,6946,295,6946,26365,14,6946,295,2.29716,1.01709,2.18394,1.61177,2.30002
code,174,26365,14,6946,295,49462,26365,14,6946,295,49462,3.22221,6.62641,5.00113,3.92683,6.05983
code,175,14,6946,295,49462,10,14,6946,295,49462,10,11.42759,5.61652,4.94823,10.17514,5.56127
code,176,6946,295,49462,10,53207,6946,295,49462,10,53207,8.36476,8.60148,11.33202,7.38322,2.08171
code,177,295,49462,10,53207,14,295,49462,10,53207,14,11.15377,9.81518,7.83074,3.31258,2.31763
code,178,49462,10,53207,14,1904,49462,10,53207,14,1904,17.40771,8.95584,10.09717,1.25503,1.58481
code,179,10,53207,14,1904,31,10,53207,14,1904,31,11.30694,11.90053,1.78905,2.38574,1.21892
code,180,53207,14,1904,31,19,53207,14,1904,31,19,11.19632,8.44571,3.24119,3.856,0.77478
code,181,14,1904,31,19,2605,14,1904,31,19,3395,8.162,3.02983,3.4474,0.56631,3.26756
code,182,1904,31,19,2605,223,1904,31,19,3395,1507,3.72465,6.85425,1.27862,2.03455,2.54617
code,183,31,19,3395,1507,855,31,19,3395,1507,1823,13.23263,4.93935,0.82005,6.23349,2.08716
code,184,19,3395,1507,1823,60920,19,3395,1507,1823,60920,9.27415,4.39788,7.45678,1.46192,0.6151
code,185,3395,1507,1823,60920,855,3395,1507,1823,60920,11181,4.72423,7.8627,1.44048,0.85436,1.06405
code,186,1507,1823,60920,11181,469,1507,1823,60920,11181,17721,10.69426,1.31217,1.2094,1.22531,-0.1657
code,187,1823,60920,21418,11181,21418,1823,60920,11181,17721,201,2.30715,1.60463,0.62473,-0.13926,-0.62599
code,188,60920,21418,6946,201,1507,60920,11181,17721,201,1507,1.28184,0.632,0.37034,-0.26706,1.25426
code,189,11181,17721,201,1507,855,11181,17721,201,1507,855,1.04524,0.36682,-0.33236,1.25991,0.54719
code,190,17721,201,1507,855,554,17721,201,1507,855,554,2.92337,3.43362,4.52563,1.84892,0.11769
code,191,201,1507,855,554,6946,201,1507,855,554,6946,6.08329,7.30209,4.2708,0.46484,1.91472
code,192,1507,855,554,6946,1137,1507,855,554,6946,1137,9.92441,3.56142,1.06151,2.56003,0.99999
code,193,855,554,6946,1137,2672,855,554,6946,1137,2672,11.65268,7.57206,6.40341,1.05723,4.39921
code,194,554,6946,1137,2672,5448,554,6946,1137,2672,5448,7.62249,7.36888,1.11401,3.995,2.53119
math,0,18392,538,223,19,304,270,2595,294,710,18392,0.53527,1.79971,0.99127,1.1632,1.81457
math,1,2595,294,710,18392,538,2595,294,710,18392,538,5.36272,3.47884,2.077,1.70833,1.50295
math,2,294,710,18392,538,223,294,710,18392,538,223,5.03917,3.1476,2.45454,2.02907,1.25473
math,3,710,18392,538,223,19,710,18392,538,223,19,4.36901,3.13393,2.93101,2.47705,3.22473
math,4,18392,538,223,19,304,18392,538,223,19,304,6.44052,4.68283,4.55316,5.14973,2.46122
math,5,538,223,19,304,223,538,223,19,304,223,4.83144,5.22839,5.36755,3.0501,4.4426
math,6,223,19,304,223,1457,223,19,304,223,1457,6.94795,9.07772,7.2267,8.16148,7.41112
math,7,19,304,223,1457,396,19,304,223,1457,396,12.30807,10.47885,10.22269,9.63782,1.87205
math,8,304,223,1457,396,477,304,223,1457,396,477,9.91335,9.79492,8.88548,2.23301,3.67626
math,9,223,1457,396,477,24490,223,1457,396,477,24490,10.90246,11.12946,3.59698,4.07386,2.48396
math,10,1457,396,477,24490,513,1457,396,477,24490,513,13.39592,4.82059,6.61782,4.49242,6.43301
math,11,396,477,24490,513,223,396,477,24490,513,223,4.23979,6.57329,4.60531,6.67081,4.51003
math,12,477,24490,513,223,21,477,24490,513,223,21,9.85478,5.91715,8.2843,6.20184,8.00953
math,13,24490,513,223,21,339,24490,513,223,21,339,7.7481,9.19857,8.8426,9.82674,2.25712
math,14,513,223,21,339,666,513,223,21,339,666,13.00771,8.48751,11.1174,2.65617,0.92629
math,15,223,21,339,666,9832,223,21,339,666,9832,8.11262,10.96894,2.80854,0.59621,0.34664
math,16,21,339,666,9832,223,21,339,666,9832,223,15.01668,3.3516,0.61683,0.68697,2.96895
math,17,339,666,9832,223,19,339,666,9832,223,19,3.82479,1.92245,3.63818,6.16479,4.75314
math,18,666,9832,223,19,28,666,9832,223,19,28,2.50235,6.60274,6.01599,5.27746,2.10422
math,19,9832,223,19,28,30620,9832,223,19,28,30620,5.79009,6.12392,8.69031,2.14149,0.89369
math,20,223,19,28,30620,270,223,19,28,30620,270,12.31221,10.83541,2.3364,1.69941,1.11891
math,21,19,28,30620,270,3737,19,28,30620,270,3737,14.40168,3.27594,1.30407,1.96859,-0.02318
math,22,28,30620,270,3737,24490,28,30620,270,3737,666,4.16001,1.64563,1.82829,0.50804,0.29081
math,23,30620,270,3737,24490,513,30620,270,3737,666,2143,2.0652,2.31373,0.46508,0.37491,3.12701
math,24,270,3737,24490,513,223,270,3737,666,2143,671,3.07336,0.66605,0.38448,4.34954,0.76049
math,25,3737,24490,513,223,21,3737,666,2143,671,3737,1.18089,0.22,4.59961,-0.61847,0.12117
math,26,24490,513,223,21,3737,666,2143,671,3737,24490,0.69625,4.10371,-0.87594,0.05553,0.18007
math,27,2143,671,3737,24490,513,2143,671,3737,24490,513,10.01372,1.75688,0.46617,0.30884,3.39035
math,28,671,3737,24490,513,223,671,3737,24490,513,223,1.44352,0.63302,0.67967,3.64248,2.10366
math,29,1257,1167,294,223,21,3737,24490,513,223,21,2.39324,0.27,1.07427,2.27473,2.20721
math,30,24490,513,223,21,477,24490,513,223,21,1469,1.11366,4.81332,2.97421,3.05224,1.04946
math,31,513,223,21,396,477,513,223,21,1469,223,17.43458,11.99775,7.15484,0.76268,0.52878
math,32,223,21,538,223,19,223,21,1469,223,19,11.96392,13.13379,0.83606,1.66003,3.89989
math,33,21,1469,223,19,305,21,1469,223,19,305,15.97591,1.70661,4.83555,5.18822,1.61045
math,34,1469,223,19,305,223,1469,223,19,305,223,1.48626,4.2505,5.06968,1.4889,3.08391
math,35,223,19,305,223,1457,223,19,305,223,1457,11.58176,6.95233,5.71051,6.49856,6.01326
math,36,19,305,223,1457,477,19,305,223,1457,477,13.64878,13.66736,15.18322,7.48544,2.71312
math,37,305,223,1457,477,28,305,223,1457,477,28,11.96733,13.29003,6.48453,2.2566,1.1162
math,38,223,1457,477,28,2143,223,1457,477,28,2143,12.43303,12.29569,2.89841,1.04659,1.37612
math,39,1457,477,28,2143,21,1457,477,28,2143,21,11.35467,3.93856,1.89879,2.2329,1.97813
math,40,477,28,2143,7490,201,477,28,2143,21,14,3.51941,1.97651,2.68544,1.77863,3.44518
math,41,28,2143,21,14,223,28,2143,21,14,223,2.41647,4.45811,2.39685,4.02517,3.02163
math,42,2143,21,14,223,24,2143,21,14,223,24,3.58511,2.6826,5.71078,4.32045,2.26413
math,43,21,14,223,24,14,21,14,223,24,14,2.53507,5.73252,4.71604,3.13651,3.24908
math,44,14,223,24,14,223,14,223,24,14,223,8.57676,8.33759,4.89679,6.51945,6.473
math,45,223,24,14,223,27,223,24,14,223,27,10.15603,11.75523,11.9143,7.84911,5.90599
math,46,24,14,223,27,14,24,14,223,27,14,15.97422,15.49973,10.33963,7.04648,12.64943
math,47,14,223,27,14,78061,14,223,27,14,78061,15.45563,12.36803,7.00383,12.57934,0.41998
math,48,223,27,14,78061,223,223,27,14,78061,223,14.24246,15.53609,16.8076,0.90351,3.81511
math,49,27,14,78061,223,1977,27,14,78061,223,1977,16.0623,17.44149,0.95319,3.58418,1.60136
math,50,14,223,736,14,223,14,78061,223,1977,339,13.46681,0.61694,3.10586,1.99876,-0.77727
math,51,78061,223,1977,339,7230,78061,223,1977,339,666,1.54362,2.66888,1.48178,0.72901,0.17578
math,52,223,1977,339,2337,344,223,1977,339,666,9832,2.07638,0.96166,0.02812,0.01041,-0.28142
math,53,1977,16,2143,2337,344,1977,339,666,9832,223,4.95295,1.47106,1.00586,1.28488,1.42213
math,54,339,666,9832,223,20,339,666,9832,223,20,1.69814,0.79252,0.53824,3.22968,0.34038
math,55,666,9832,223,20,28,666,9832,223,20,28,2.84495,5.10696,5.25516,4.1439,3.7489
math,56,9832,223,20,28,9035,9832,223,20,28,24397,13.45623,14.83025,15.44938,12.45031,0.46394
math,57,223,20,28,24397,270,223,20,28,24397,1192,17.87448,13.96849,13.17852,0.23299,1.03039
math,58,20,28,24397,270,1167,20,28,24397,1192,1623,11.90392,12.82726,0.3684,1.55913,-0.15109
math,59,28,24397,270,1167,294,28,24397,1192,1623,3999,12.07562,0.49229,1.68544,-0.19574,0.93997
math,60,9035,270,1167,294,411,24397,1192,1623,3999,1031,1.74924,0.58565,0.02783,0.57309,-0.14362
math,61,1192,1623,3999,666,2143,1192,1623,3999,1031,477,0.89089,1.13429,-0.49862,0.42965,0.1953
math,62,1623,3999,1031,477,666,1623,3999,1031,477,666,8.4768,-0.17539,0.00191,0.87576,-0.21763
math,63,3999,1031,477,666,2143,3999,1031,477,666,2143,1.45506,1.00249,2.21024,1.9584,0.39064
math,64,1031,477,666,2143,2337,1031,477,666,2143,2337,1.10207,3.05104,2.33148,1.5188,1.13475
math,65,477,666,2143,2337,344,477,666,2143,2337,344,7.73717,4.89071,6.42489,0.44246,0.25392
math,66,666,2143,2337,344,411,666,2143,2337,344,411,6.20882,11.16245,0.44037,0.95358,0.50873
math,67,2143,2337,344,411,29568,2143,2337,344,411,29568,11.31441,4.00893,3.43908,3.56189,2.71365
math,68,2337,344,411,29568,8205,2337,344,411,29568,8205,5.25554,4.43711,3.76057,2.59816,1.53489
math,69,344,411,29568,8205,28,344,411,29568,8205,1479,4.42682,4.39748,2.95474,2.3438,0.10928
math,70,411,29568,8205,28,1257,411,29568,8205,1479,28,5.25476,3.01549,2.97847,0.43769,0.15911
math,71,29568,8205,418,1257,2112,29568,8205,1479,28,2143,8.70519,2.57596,1.0057,0.30956,-0.43972
math,72,8205,418,1257,2112,28,8205,1479,28,2143,15,1.71068,1.0088,0.62971,-0.98281,-0.41353
math,73,418,1257,2112,344,223,1479,28,2143,15,5978,1.13615,0.43927,0.15323,-0.04887,-0.72239
math,74,270,1257,2112,438,223,28,2143,15,5978,2112,1.13239,1.15639,0.59528,0.2613,0.82445
math,75,2143,10318,2112,1512,67,2143,15,5978,2112,1512,6.79459,1.1326,2.74102,1.14737,1.58498
math,76,10318,2112,438,223,21,15,5978,2112,1512,260,1.33061,3.59792,1.53957,1.43935,2.10216
math,77,5978,2112,1512,67,438,5978,2112,1512,260,438,5.07994,5.90108,0.60859,1.50892,1.86647
math,78,2112,1512,67,438,223,2112,1512,260,438,223,5.36939,0.67892,1.61071,1.16634,1.37303
math,79,1512,260,438,223,21,1512,260,438,223,21,3.09168,1.03853,1.99453,5.0096,2.78714
math,80,260,438,223,21,2201,260,438,223,21,27819,1.57657,1.69069,5.55579,3.95806,2.10274
math,81,438,223,21,27819,2143,438,223,21,27819,2143,4.99965,9.13526,7.76221,3.61422,4.58044
math,82,223,21,27819,2143,15,223,21,27819,2143,15,13.91865,8.40825,5.71771,6.28649,7.57754
math,83,21,27819,2143,15,12673,21,27819,2143,15,10496,15.02689,7.11034,10.64224,9.38584,3.04485
math,84,27819,2143,15,12673,2953,27819,2143,15,10496,5335,7.66475,10.53683,9.90369,2.24481,4.22065
math,85,2143,15,12673,2953,1512,2143,15,10496,5335,1512,17.22441,10.91409,1.71807,3.62923,1.66399
math,86,15,10496,5335,1512,283,15,10496,5335,1512,283,15.14081,1.27099,2.3164,2.56751,0.81257
math,87,10496,5335,1512,283,438,10496,5335,1512,283,438,1.82615,1.49402,4.13819,0.13956,1.67539
math,88,5335,1512,283,438,223,5335,1512,283,438,223,3.73829,4.69645,0.9047,1.84016,2.34137
math,89,1512,283,438,223,21,1512,283,438,223,21,11.21723,4.40707,6.62179,5.73077,2.87253
math,90,283,438,223,21,27819,283,438,223,21,27819,10.03481,11.80285,10.51303,7.23271,4.71101
math,91,438,223,21,27819,2143,438,223,21,27819,2143,13.92813,12.47138,9.10599,5.92434,7.40832
math,92,223,21,27819,2143,15,223,21,27819,2143,15,17.47451,13.49927,8.43805,8.19543,8.81173
math,93,21,27819,2143,15,12673,21,27819,2143,15,12673,15.31071,8.09949,9.45973,6.59154,2.1259
math,94,27819,2143,15,12673,2112,27819,2143,15,12673,2112,8.71821,9.99359,7.01946,2.21564,1.66967
math,95,2143,15,12673,2112,1512,2143,15,12673,2112,1512,16.19494,8.9245,3.75141,3.17304,2.63716
math,96,15,12673,2112,1512,313,15,12673,2112,1512,314,9.55343,5.93825,4.49052,3.55688,1.23495
math,97,12673,2112,1512,313,438,12673,2112,1512,314,438,6.36845,3.92949,4.79122,1.32045,1.23292
math,98,2112,1512,313,438,223,2112,1512,314,438,223,7.78984,4.70089,1.8579,1.41149,0.6035
math,99,1512,314,438,223,1977,1512,314,438,223,1977,9.5034,3.02832,3.94528,2.77675,2.22223
math,100,314,438,223,1977,27819,314,438,223,1977,874,6.13445,3.44763,5.98538,4.11536,1.34721
math,101,438,223,1977,874,868,438,223,1977,874,868,6.38237,6.27163,4.90333,1.65844,1.30543
math,102,223,1977,874,868,671,223,1977,874,868,671,13.14259,11.99745,2.27183,2.21377,-0.00923
math,103,1977,874,868,671,8397,1977,874,868,671,1512,12.57778,1.59013,3.34091,0.17624,-0.77264
math,104,874,868,671,1167,294,874,868,671,1512,313,1.44786,3.64773,0.34159,-0.69872,-0.0069
math,105,868,671,1167,294,3999,868,671,1512,313,874,7.75042,1.33968,0.46178,1.23064,-0.57347
math,106,671,1167,294,3999,28,671,1512,313,874,9908,1.93937,0.98539,2.46575,0.58066,0.45137
math,107,1167,294,3999,28,2143,1512,313,874,9908,463,1.74178,3.25806,1.3915,0.4207,-0.14906
math,108,313,874,9908,463,2112,313,874,9908,463,2112,4.58125,1.44786,2.71636,1.69929,0.3498
math,109,874,9908,463,2112,28,874,9908,463,2112,8397,2.1639,3.52442,1.82254,1.62615,-0.10304
math,110,9908,463,2112,344,28,9908,463,2112,8397,28,6.6806,5.02893,2.63039,0.06422,0.33252
math,111,463,2112,344,28,2143,463,2112,8397,28,2143,10.54697,3.58369,0.37718,0.82884,1.14416
math,112,2112,344,28,2143,7490,2112,8397,28,2143,7490,5.95795,0.34606,-0.1203,0.6176,0.34059
math,113,8397,344,411,29568,344,8397,28,2143,7490,201,0.90861,0.91117,0.68686,0.30963,-0.65862
math,114,28,2143,7490,201,67,28,2143,7490,201,67,1.31046,2.79341,3.15662,3.66855,1.28437
math,115,2143,7490,201,67,5980,2143,7490,201,67,5980,7.26057,5.53506,5.23956,2.61311,0.45667
math,116,7490,201,67,5980,438,7490,201,67,5980,438,7.46988,5.28651,2.93529,2.53393,1.43891
math,117,201,67,5980,438,260,201,67,5980,438,260,8.67952,2.78919,1.99944,1.96062,1.62262
math,118,67,5980,438,260,940,67,5980,438,260,940,3.63067,1.29694,2.44488,2.01467,0.51832
math,119,5980,438,260,940,223,5980,438,260,940,343,0.62303,3.49173,1.82885,1.20596,0.70048
math,120,438,260,940,343,80,438,260,940,343,80,9.20006,2.95281,2.11425,1.85452,0.82373
math,121,260,940,343,80,15,260,940,343,80,15,8.46444,8.09902,5.3982,5.39891,3.18103
math,122,940,343,80,15,19,940,343,80,15,19,11.36197,3.52468,5.43619,2.42714,3.25594
math,123,343,80,15,19,63911,343,80,15,19,63911,11.40084,8.17,3.28954,5.45739,1.79542
math,124,80,15,19,63911,201,80,15,19,63911,201,14.73594,5.30316,6.02102,0.89729,0.9233
math,125,15,19,63911,201,23862,15,19,63911,201,23862,5.22662,3.85151,1.07583,1.21373,1.58983
math,126,19,63911,201,23862,2143,19,63911,201,23862,2143,12.2048,2.7299,1.6405,2.08063,2.5011
math,127,63911,201,23862,2143,5399,63911,201,23862,2143,8386,4.76246,2.81756,2.31353,3.56115,-0.53854
math,128,201,23862,2143,5399,35136,201,23862,2143,8386,1512,6.43798,3.16486,5.26023,-0.33641,-0.05814
math,129,23862,2143,5399,35136,1512,23862,2143,8386,1512,260,4.22506,7.05834,-0.1166,0.41957,-0.26763
math,130,2143,8386,1512,1977,438,2143,8386,1512,260,5980,10.78547,0.7463,0.32622,0.78763,0.93572
math,131,8386,1512,1977,438,223,8386,1512,260,5980,438,1.26057,0.50661,0.3874,0.85753,0.32197
math,132,1512,260,438,223,1977,1512,260,5980,438,223,1.35932,0.81522,1.01257,0.99006,0.76704
math,133,260,5980,438,223,1977,260,5980,438,223,1977,2.26437,4.69304,3.16245,3.96376,1.86756
math,134,5980,438,223,1977,874,5980,438,223,1977,874,10.15646,8.21855,3.02564,1.95751,1.71021
math,135,438,223,1977,874,2605,438,223,1977,874,2605,7.9613,2.87719,2.6325,2.24588,2.82997
math,136,223,1977,874,2605,2143,223,1977,874,2605,2143,10.76929,8.6288,4.55076,3.61107,6.55689
math,137,1977,874,2605,2143,7490,1977,874,2605,2143,7490,15.7706,6.96539,4.58507,9.79258,5.6446
math,138,874,2605,2143,7490,201,874,2605,2143,7490,201,5.76874,5.15213,10.08697,6.11574,3.64175
math,139,2605,2143,7490,201,1977,2605,2143,7490,201,21,3.61544,8.96014,9.00219,8.22291,3.31836
math,140,2143,7490,201,1977,438,2143,7490,201,21,940,9.92861,9.38741,10.91999,3.3927,3.60824
math,141,7490,201,1977,438,223,7490,201,21,940,343,12.51362,13.63643,0.99925,3.63459,4.95962
math,142,201,1977,438,223,21,201,21,940,343,80,11.12748,0.97583,2.19286,4.91768,2.82082
math,143,21,438,223,21,3913,21,940,343,80,15,1.68,0.49283,3.46787,0.80694,0.34036
math,144,940,343,80,15,19,940,343,80,15,19,7.23859,2.84956,2.0796,1.93999,2.8265
math,145,343,80,15,19,11,343,80,15,19,11,13.71317,8.41358,4.66783,3.90144,0.65312
math,146,80,15,19,11,874,80,15,19,11,874,12.71127,7.23099,5.98566,0.94237,1.43462
math,147,15,19,11,874,13336,15,19,11,874,13336,8.79915,6.7538,2.49856,1.81822,2.14601
math,148,19,11,874,13336,223,19,11,874,13336,223,16.17027,1.62197,2.88094,2.09762,4.2776
math,149,11,874,13336,223,1977,11,874,13336,223,21,1.67628,3.06349,2.24031,3.92983,2.47741
math,150,874,13336,223,1977,438,874,13336,223,21,438,3.38531,2.76857,4.37822,2.44732,2.64629
math,151,13336,223,21,438,223,13336,223,21,438,223,4.5764,12.16279,12.75406,6.18641,4.86834
math,152,223,21,438,223,1977,223,21,438,223,1977,15.33468,16.54431,9.38741,8.46829,5.46262
math,153,21,438,223,1977,201,21,438,223,1977,201,17.45554,13.3272,12.99923,8.13137,1.43826
math,154,438,223,1977,201,23862,438,223,1977,201,23862,11.07756,11.9561,8.06217,1.44486,2.44096
math,155,223,1977,201,23862,2143,223,1977,201,23862,2143,14.76455,12.09568,3.9654,3.82332,4.74872
math,156,1977,201,23862,2143,7490,1977,201,23862,2143,7490,13.91294,3.74209,6.34432,6.11145,1.83493
math,157,201,23862,2143,7490,201,201,23862,2143,7490,201,3.48774,6.38713,6.72566,1.61224,2.67049
math,158,23862,2143,7490,201,3913,23862,2143,7490,201,21,9.28072,9.11021,2.21753,3.82279,1.48967
math,159,2143,7490,201,3913,15,2143,7490,201,21,3913,13.95733,4.58602,5.10326,1.37442,0.75189
math,160,7490,201,21,3913,15,7490,201,21,3913,15,6.27547,7.29552,1.39359,1.63472,1.23491
math,161,201,21,3913,15,19,201,21,3913,15,19,13.73181,0.86371,0.76671,1.00734,1.32284
math,162,21,3913,15,19,11,21,3913,15,19,11,1.81543,1.67153,1.82688,1.56262,0.63345
math,163,3913,15,19,11,438,3913,15,19,11,438,2.25569,1.46361,2.16655,1.05669,1.42686
math,164,15,19,11,438,223,15,19,11,438,223,5.21224,2.96994,4.41717,1.68832,1.77773
math,165,19,11,940,223,21,19,11,438,223,5936,11.29551,1.82067,0.62563,1.0293,-0.06246
math,166,11,940,223,21,438,11,438,223,5936,201,1.03087,0.30483,1.84242,0.01936,0.44711
math,167,438,223,2597,201,23862,438,223,5936,201,23862,10.36323,9.5993,0.49771,0.42042,3.00793
math,168,223,5936,201,23862,2143,223,5936,201,23862,2143,17.55914,7.27219,6.71594,6.87608,4.95771
math,169,5936,201,23862,2143,7490,5936,201,23862,2143,7490,12.61512,9.87986,6.45025,6.48474,3.56364
math,170,201,23862,2143,7490,201,201,23862,2143,7490,201,11.13311,6.49063,6.7441,4.36506,3.22717
math,171,23862,2143,7490,201,80,23862,2143,7490,201,80,11.73825,10.09332,10.93807,9.15515,2.78202
math,172,2143,7490,201,80,15,2143,7490,201,80,15,17.14566,12.72298,13.82801,2.95217,3.45897
math,173,7490,201,80,15,19,7490,201,80,15,19,13.05367,12.96544,4.22489,3.88174,4.63674
math,174,201,80,15,19,438,201,80,15,19,438,13.87115,4.29686,5.93072,5.26504,5.78106
math,175,80,15,19,438,223,80,15,19,438,223,11.17078,2.16538,2.12688,8.52526,6.5868
math,176,15,19,438,223,2875,15,19,438,223,2111,2.61681,2.16428,8.07147,7.54963,0.10085
math,177,19,438,223,1173,201,19,438,223,2111,201,13.62513,11.19132,12.11951,1.05884,7.57842
math,178,438,223,856,201,23862,438,223,2111,201,23862,14.36682,13.57519,0.41608,7.51956,7.6759
math,179,223,2111,201,23862,2143,223,2111,201,23862,2143,13.9539,12.17642,11.04946,10.29732,8.67066
math,180,2111,201,23862,2143,7490,2111,201,23862,2143,7490,14.83783,9.36738,9.15761,7.81583,4.6312
math,181,201,23862,2143,7490,201,201,23862,2143,7490,201,10.22498,9.63587,8.17658,4.38811,5.02559
math,182,23862,2143,7490,201,80,23862,2143,7490,201,80,11.08956,9.606,9.1665,8.0841,6.19004
math,183,2143,7490,201,80,438,2143,7490,201,80,438,17.27824,13.41061,13.07624,6.69298,8.23217
math,184,7490,201,80,438,223,7490,201,80,438,223,13.49991,12.24828,8.63027,8.90263,6.12696
math,185,201,80,438,223,1671,201,80,438,223,1671,14.82515,7.6106,7.28828,6.9243,-0.43294
math,186,80,438,223,1671,201,80,438,223,1671,201,11.51147,10.45511,12.13444,1.5326,6.20466
math,187,438,223,1671,201,32074,438,223,1671,201,23862,12.04312,12.43225,1.36952,5.53439,1.60044
math,188,223,1671,201,32074,5328,223,1671,201,23862,2143,14.18624,14.77105,9.09175,2.53133,1.15343
math,189,1671,201,32074,5328,1031,1671,201,23862,2143,5328,14.5792,11.18611,1.05762,1.48426,0.44293
math,190,201,32074,5328,1031,477,201,23862,2143,5328,1031,12.87359,0.99453,1.19632,0.12748,1.0654
math,191,23862,2143,5328,1031,477,23862,2143,5328,1031,477,1.54501,1.97863,1.72534,1.75559,2.06893
math,192,2143,5328,1031,477,223,2143,5328,1031,477,223,3.22162,2.80085,2.29962,3.75365,2.77427
math,193,5328,1031,477,223,1671,5328,1031,477,223,1671,4.55544,2.20938,4.64051,2.80086,2.94591
math,194,1031,477,223,1671,3999,1031,477,223,1671,3999,2.7131,4.25889,1.56612,4.97439,1.29443
chat,0,85,260,10200,14,10200,85,270,4368,943,35721,8.84045,0.53618,-0.33896,-0.23585,-1.44465
chat,1,260,10200,14,10200,11389,270,4368,943,35721,260,0.40168,-0.27528,-0.34044,-1.51015,-1.72573
chat,2,4368,28,2619,4484,14,4368,943,35721,260,2395,0.82348,0.64685,-0.84482,-1.30292,-1.47138
chat,3,28,260,2395,2968,344,943,35721,260,2395,2968,1.21708,-1.33667,-1.20068,-1.44499,-1.63575
chat,4,35721,260,2395,2968,28,35721,260,2395,2968,28,-0.34412,0.7945,-0.33849,-0.17289,0.00508
chat,5,260,2395,2968,28,436,260,2395,2968,28,440,3.24937,1.66288,1.0258,0.65778,0.10721
chat,6,2395,2968,28,436,442,2395,2968,28,440,2090,4.1424,4.51071,2.86703,0.37371,0.08643
chat,7,2968,28,436,442,85,2968,28,440,2090,442,7.95188,4.37281,-0.0591,-0.00663,0.44001
chat,8,28,436,442,85,554,28,440,2090,442,86,5.2816,-0.17503,-0.11304,0.36136,-0.94735
chat,9,440,2090,442,86,1970,440,2090,442,86,1309,0.00501,-0.46054,3.48519,0.18333,-1.08213
chat,10,2090,442,86,1309,304,2090,442,86,1309,260,0.74631,4.04996,1.8531,0.23506,0.5185
chat,11,442,86,1309,304,366,442,86,1309,260,17869,3.80722,3.26426,1.16659,-0.00215,-0.38173
chat,12,86,1309,260,29416,14,86,1309,260,17869,1487,12.92035,5.10066,1.5389,-0.90156,-1.4567
chat,13,1309,260,29416,14,469,1309,260,17869,1487,16,8.47903,1.1547,-0.63029,-1.38726,-1.45962
chat,14,260,29416,14,260,21730,260,17869,1487,16,2042,1.33391,-0.49123,-1.18194,-1.42478,-1.18453
chat,15,4190,14,469,260,1487,17869,1487,16,2042,1438,-0.15928,-1.06717,-1.07062,-1.4147,-0.75293
chat,16,14,469,260,1487,16,1487,16,2042,1438,1309,-0.20116,-0.97377,-1.06819,-0.54822,-0.18272
chat,17,16,2042,1309,260,2619,16,2042,1438,1309,3061,0.85816,1.71221,0.0187,-0.08917,-1.64179
chat,18,2042,1309,260,2619,791,2042,1438,1309,3061,396,4.39447,1.58144,1.0856,-1.26152,-0.77093
chat,19,1438,1309,304,366,260,1438,1309,3061,396,5354,1.47226,0.21595,-0.10774,-1.01131,-1.43643
chat,20,1309,304,366,396,2984,1309,3061,396,5354,442,6.84084,0.08829,-0.31983,-1.29754,-1.8351
chat,21,3061,396,5354,442,86,3061,396,5354,442,86,0.6259,0.37204,-0.86988,4.49807,-0.61097
chat,22,396,26012,6660,538,270,396,5354,442,86,1635,2.99607,-0.17241,-0.66707,-1.25047,-1.62645
chat,23,5354,442,86,982,458,5354,442,86,1635,6660,0.29999,5.42144,0.47663,-1.19125,-1.47397
chat,24,442,86,1635,440,442,442,86,1635,6660,126595,4.10694,2.50593,-0.55902,-0.12461,-1.39233
chat,25,86,1635,440,1970,304,86,1635,6660,126595,1082,17.05404,3.53932,0.37735,-0.08681,-0.11532
chat,26,1635,440,1970,304,2929,1635,6660,126595,1082,851,3.86726,0.33145,-0.07954,0.02615,-1.39972
chat,27,440,1970,304,7897,260,6660,126595,1082,851,1762,0.39621,-0.27405,0.88903,-1.2233,-1.35869
chat,28,1970,304,6359,16,5592,126595,1082,851,1762,436,0.38214,1.61433,-1.24761,-0.83088,-0.76613
chat,29,16,5592,442,85,16,1082,851,1762,436,16,-0.60361,-0.18299,-0.98412,-0.19207,-1.43704
chat,30,440,2526,270,5823,16,851,1762,436,16,5592,0.27364,-0.9102,-0.46788,-1.2458,-0.22691
chat,31,1762,436,16,5592,442,1762,436,16,5592,442,1.29768,0.25156,0.76424,0.52027,0.34262
chat,32,436,16,5592,442,85,436,16,5592,442,85,0.02698,0.1589,-0.02051,0.22688,1.12029
chat,33,16,5592,442,85,14,16,5592,442,85,1026,1.77516,0.95155,1.05306,1.75877,-0.3691
chat,34,5592,442,85,270,10200,5592,442,85,1026,17608,1.58116,1.2109,1.80326,-0.26827,-1.05628
chat,35,442,85,270,10200,14,442,85,1026,17608,14,1.77233,2.40557,-0.08996,-0.39371,-0.60153
chat,36,85,270,10200,14,10200,85,1026,17608,14,1119,8.26603,0.80887,0.48661,-0.04659,-0.85593
chat,37,1026,10200,14,10200,11389,1026,17608,14,1119,5611,0.63058,0.63393,-0.39248,-1.00593,-1.03353
chat,38,10200,14,10200,11389,339,17608,14,1119,5611,1054,1.1229,1.05441,-0.5477,-0.54259,-0.16929
chat,39,14,10200,11389,339,666,14,1119,5611,1054,2187,1.9155,0.2514,0.21697,0.35639,0.45542
chat,40,10200,11389,339,666,671,1119,5611,1054,2187,11389,0.66701,0.72186,0.41729,0.95575,-0.41886
chat,41,5611,1054,2187,11389,339,5611,1054,2187,11389,339,1.01357,1.57851,1.35586,0.55804,0.74133
chat,42,1054,2187,11389,339,666,1054,2187,11389,339,666,10.22688,7.55006,1.11546,0.78206,0.91093
chat,43,2187,11389,339,666,19,2187,11389,339,666,19,8.53163,0.84309,0.78087,1.16519,0.28934
chat,44,11389,339,666,19,16,11389,339,666,19,16,1.52478,0.9824,1.03441,0.09054,1.04315
chat,45,979,666,19,16,455,339,666,19,16,11337,1.02644,1.40431,0.58868,1.24818,0.37515
chat,46,666,19,16,455,7498,666,19,16,11337,418,2.46733,1.11418,1.72758,0.39595,-0.60476
chat,47,19,16,11337,418,260,19,16,11337,418,260,2.36181,6.21455,0.04913,0.49641,0.07505
chat,48,16,11337,418,260,582,16,11337,418,260,582,10.60108,0.38032,0.75972,0.29742,-0.94739
chat,49,11337,418,260,582,791,11337,418,260,582,4484,0.74865,1.54162,0.44106,-0.95943,-1.83558
chat,50,418,260,582,791,4,418,260,582,4484,79190,3.05105,0.92199,0.49756,-1.216,-1.68176
chat,51,260,582,791,294,270,260,582,4484,79190,12539,1.8606,1.21442,-0.56713,-1.48888,-1.43902
chat,52,582,791,70684,4,7498,582,4484,79190,12539,4,2.04134,-0.2065,-1.26298,-1.33271,-1.11914
chat,53,791,294,270,7498,4,4484,79190,12539,4,22276,-0.50558,-1.21407,-0.92956,-1.04297,-0.87529
chat,54,5770,74483,4,343,2869,79190,12539,4,22276,343,-1.49018,-1.6919,-0.21478,-1.27912,-1.63207
chat,55,12539,4,343,2869,666,12539,4,22276,343,10723,0.82589,0.58058,-1.16684,-1.00722,-1.40861
chat,56,4,12101,343,272,260,4,22276,343,10723,19198,0.17965,0.50181,-0.33032,-1.07877,-1.57746
chat,57,5603,343,272,260,2395,22276,343,10723,19198,11,0.16228,0.12791,-0.9412,-1.49058,-1.88547
chat,58,343,272,260,2968,442,343,10723,19198,11,5866,0.4868,-1.60442,-1.2477,-1.60911,-1.76153
chat,59,671,11497,6982,11,5866,10723,19198,11,5866,70064,-0.38444,-0.79803,-0.15957,-0.38211,0.19083
chat,60,19198,11,5866,671,1473,19198,11,5866,70064,260,1.82211,0.61666,2.53337,-0.28348,-0.39194
chat,61,14,696,436,442,85,11,5866,70064,260,4747,1.06167,0.61529,-0.99346,-0.3882,-0.30876
chat,62,5866,2337,344,270,12759,5866,70064,260,4747,12840,16.03346,-0.52325,0.23484,-1.09306,-1.79062
chat,63,70064,834,2968,344,260,70064,260,4747,12840,469,-0.48621,-0.01008,-1.40033,-1.52555,-1.82942
chat,64,834,4368,396,14078,1277,260,4747,12840,469,260,1.16346,-0.36911,-0.4591,-1.53879,-1.39113
chat,65,4747,23264,8667,965,272,4747,12840,469,260,3530,0.05653,-0.53479,-0.82501,-0.77555,-1.13876
chat,66,12840,1660,2173,965,272,12840,469,260,3530,7469,2.06934,-0.05366,-0.35773,-0.60585,-1.2114
chat,67,469,260,3469,965,37684,469,260,3530,7469,1479,0.52154,-0.6061,-0.85136,-0.5811,-1.24108
chat,68,260,3530,3469,396,3469,260,3530,7469,1479,270,-0.5169,-0.67978,-0.32565,0.30986,-0.84563
chat,69,3530,2173,1660,3469,965,3530,7469,1479,270,7498,2.06127,0.65639,-0.10361,0.12046,-0.1407
chat,70,2173,1660,3469,965,272,7469,1479,270,7498,344,1.30874,0.12251,0.07871,-0.3917,-1.41739
chat,71,1660,3469,1479,782,2968,1479,270,7498,344,28,-0.03714,0.64544,-0.26106,-0.96395,-1.39466
chat,72,6660,344,982,20692,12,270,7498,344,28,982,0.07804,-0.01212,-1.1316,-1.1344,-1.36901
chat,73,2968,344,3080,15901,16,7498,344,28,982,3567,0.05668,0.17853,-0.75409,-0.98719,-0.91719
chat,74,344,28,2619,3567,16820,344,28,982,3567,7982,3.49004,0.00389,0.3585,-0.71872,-1.88718
chat,75,28,582,4484,16820,2148,28,982,3567,7982,16820,0.50467,0.1697,-0.54076,-1.40518,-0.87346
chat,76,982,4484,16820,14,1119,982,3567,7982,16820,16550,1.03909,1.10239,-1.05352,-0.21878,-1.24419
chat,77,3567,16820,14,1119,16820,3567,7982,16820,16550,14983,2.11754,-0.59129,-0.05195,-0.81692,-1.8578
chat,78,16820,11482,440,16550,1162,7982,16820,16550,14983,436,-0.55072,0.11623,-0.90511,-1.31128,-0.39479
chat,79,16820,16550,73348,782,2968,16820,16550,14983,436,582,1.21891,1.31008,-0.19836,-0.81082,-1.57746
chat,80,16550,1162,344,260,3469,16550,14983,436,582,53091,1.6814,-0.50426,-0.2985,-1.39779,-2.02923
chat,81,1162,344,362,260,2968,14983,436,582,53091,7194,-0.04354,0.15552,-0.85883,-1.76151,-1.92992
chat,82,436,582,53091,7194,4,436,582,53091,7194,6982,4.80991,0.43784,-0.69296,0.54279,-0.93246
chat,83,582,53091,7194,6982,4,582,53091,7194,6982,4,2.28121,-0.78162,0.84055,0.18211,0.64706
chat,84,53091,6982,4,469,582,53091,7194,6982,4,469,1.7126,2.24539,0.71429,0.94163,0.7354
chat,85,7194,6982,4,469,582,7194,6982,4,469,582,1.93116,1.01343,0.90475,0.1567,-0.76732
chat,86,6982,4,469,582,50558,6982,4,469,582,6287,0.7621,1.0839,1.18855,0.51064,-1.63617
chat,87,4,469,582,50558,6982,4,469,582,6287,94938,1.50308,1.81732,1.34002,-1.29579,-0.74713
chat,88,469,582,50558,6982,31148,469,582,6287,94938,61694,7.65386,3.57515,-0.5708,-0.30029,-0.64903
chat,89,582,50558,6982,31148,2148,582,6287,94938,61694,6982,3.75661,-0.54814,-0.23287,-0.3738,0.20201
chat,90,671,6982,31148,2148,1162,6287,94938,61694,6982,2148,-0.75621,-2.02564,-1.28059,-0.57573,0.45147
chat,91,94938,61694,2148,1162,14159,94938,61694,6982,2148,1162,-1.0482,-0.9609,-1.1666,0.60845,-0.49251
chat,92,61694,2148,1162,3469,16,61694,6982,2148,1162,344,2.07762,1.00507,0.35183,-0.59537,-0.71674
chat,93,2148,1162,344,782,2968,6982,2148,1162,344,270,-0.05579,1.76973,-0.55539,-0.89769,-1.43832
chat,94,2148,1162,344,270,2968,2148,1162,344,270,4031,4.88095,0.0511,0.12756,-1.05488,-1.79016
chat,95,5375,2968,4086,304,1178,1162,344,270,4031,2455,-0.04465,-0.60228,-1.15667,-1.09849,-1.90475
chat,96,40344,782,2968,442,85,344,270,4031,2455,4368,-0.03209,-0.41781,-1.09027,-1.28764,-0.2762
chat,97,270,834,294,270,1473,270,4031,2455,4368,440,0.80065,-0.0963,-0.30443,-0.89646,-1.40372
chat,98,834,294,270,2968,16,4031,2455,4368,440,588,0.5997,0.00816,-0.87286,-1.498,-1.27975
chat,99,2455,4368,396,42252,782,2455,4368,440,588,696,0.54258,0.0926,-0.41839,-1.04477,-1.158
chat,100,4368,440,588,696,16,4368,440,588,696,16,0.23923,0.12734,-0.16827,-0.47366,-1.04382
chat,101,440,588,696,362,782,440,588,696,16,9637,6.26144,2.80759,3.12794,0.42553,-0.89486
chat,102,588,696,362,260,2395,588,696,16,9637,1309,8.82223,4.44173,1.18703,-0.49409,-0.58684
chat,103,696,16,983,7047,782,696,16,9637,1309,99062,7.95857,1.14426,0.26739,-0.07611,-0.70396
chat,104,16,983,7047,782,2968,16,9637,1309,99062,1014,3.57428,0.84578,-0.02655,-0.47438,-1.6164
chat,105,983,40344,782,2968,442,9637,1309,99062,1014,304,0.333,0.14622,-0.72135,-1.75172,-1.74424
chat,106,759,2929,1277,851,1970,1309,99062,1014,304,5300,-0.46867,-1.43143,-1.56915,-1.65408,-1.66505
chat,107,304,35338,14,305,851,99062,1014,304,5300,696,-0.09266,-0.41667,-0.76579,-1.40823,-1.83974
chat,108,1014,304,5085,14,305,1014,304,5300,696,786,0.19649,1.27226,-0.89497,-0.87878,-1.1524
chat,109,304,5085,260,2831,14,304,5300,696,786,11193,5.88729,0.06845,-0.64233,-0.79314,-0.38128
chat,110,5300,14,554,1438,5085,5300,696,786,11193,14,-0.02506,-0.96143,-1.01373,-0.6337,-0.97001
chat,111,4181,14,554,1438,554,696,786,11193,14,554,0.20083,-0.19808,0.3782,-0.05336,-1.01227
chat,112,786,1116,14,554,1438,786,11193,14,554,1438,0.59906,1.20796,0.90755,0.37963,-0.90151
chat,113,1116,14,554,1438,260,11193,14,554,1438,4449,1.83337,2.95575,2.02786,0.41472,-2.28152
chat,114,14,554,1438,10434,295,14,554,1438,4449,943,2.78419,2.03623,0.80935,-2.21903,-1.47671
chat,115,554,1438,47384,509,270,554,1438,4449,943,1066,4.10044,1.76664,-1.89367,-0.27364,-0.89965
chat,116,1438,20430,304,260,21730,1438,4449,943,1066,16,3.47597,-1.69224,-1.14703,-1.40882,-1.35549
chat,117,4449,943,16820,16,2052,4449,943,1066,16,2052,0.44172,0.34987,-0.95233,0.2393,-0.24925
chat,118,943,1066,16,2052,782,943,1066,16,2052,440,5.23872,0.47673,1.77612,0.07083,-0.32486
chat,119,1066,16,32536,6660,3006,1066,16,2052,440,611,2.1336,2.48513,0.03053,1.26428,-1.04397
chat,120,16,32536,6660,3006,5603,16,2052,440,611,260,2.46829,-0.10012,1.30232,-1.10582,-1.71389
chat,121,2052,440,611,260,10056,2052,440,611,260,223,0.15161,-0.0408,-1.3186,-1.62621,-1.90276
chat,122,440,442,266,14,436,440,611,260,223,22,0.40115,0.2768,0.29203,-1.07622,-1.21721
chat,123,442,266,260,2968,14,611,260,223,22,30416,0.40416,1.06339,-0.99353,-1.45583,-1.32537
chat,124,260,4445,3469,14,260,260,223,22,30416,2968,-0.57561,-1.37901,-1.40566,-1.11856,-1.50365
chat,125,223,23,30416,2968,14,223,22,30416,2968,14,0.81512,-0.04977,0.509,-0.69149,-0.58592
chat,126,22,30416,2968,14,260,22,30416,2968,14,10796,0.04918,1.29838,0.39577,0.66524,-1.0295
chat,127,30416,2968,14,3047,304,30416,2968,14,10796,10056,1.30368,0.63988,0.22693,-0.80333,-0.5165
chat,128,2968,14,5603,223,20,2968,14,10796,10056,75660,3.62667,3.54238,-1.10087,-0.96362,-1.17762
chat,129,14,260,10056,223,20,14,10796,10056,75660,477,4.57043,-1.10232,-0.96889,-1.17383,-1.17425
chat,130,10796,223,20,7167,10068,10796,10056,75660,477,28603,0.8672,-0.65881,-0.52595,-0.46009,-0.99166
chat,131,834,10056,223,22,15,10056,75660,477,28603,16,-0.61114,-0.97649,-1.11561,-1.0439,-0.61748
chat,132,469,10191,223,22,16,75660,477,28603,16,73348,-0.40679,-0.50545,-0.87501,-1.03389,-0.40618
chat,133,477,223,553,15,553,477,28603,16,73348,566,0.6038,-1.10492,-0.8886,-0.99355,-0.87022
chat,134,1375,16,3841,442,85,28603,16,73348,566,418,-0.08843,-0.21256,-0.15717,-0.29682,0.04972
chat,135,16,2052,440,442,85,16,73348,566,418,782,2.1468,-0.01747,-0.36792,-1.51374,-0.49668
chat,136,2052,440,588,2929,1277,73348,566,418,782,1988,0.00419,-0.62658,-1.52236,-1.24876,-1.30262
chat,137,436,339,666,20,16,566,418,782,1988,339,0.88637,0.23748,1.6148,1.22795,1.90159
chat,138,1277,260,1988,339,666,418,782,1988,339,666,1.11503,0.60873,-0.02799,0.37222,1.30684
chat,139,782,1988,339,666,20,782,1988,339,666,20,2.78766,2.06849,1.73997,2.69249,2.27309
chat,140,1988,339,666,20,16,1988,339,666,20,16,1.44975,2.9753,4.14737,4.66951,4.55428
chat,141,339,666,20,16,6948,339,666,20,16,6948,5.55655,7.14638,6.53202,6.96824,-0.9617
chat,142,666,20,16,6948,260,666,20,16,6948,260,8.33024,8.14001,8.84621,-0.70366,-0.20747
chat,143,20,16,6948,260,582,20,16,6948,260,52595,11.18822,12.71131,-0.13567,0.19656,-0.52651
chat,144,16,6948,260,582,69662,16,6948,260,52595,582,13.39996,-0.14944,0.58817,0.01032,-1.04377
chat,145,6948,260,582,23,15,6948,260,52595,582,34532,1.39844,0.93551,0.57335,-1.09681,-0.8561
chat,146,260,582,6111,59688,4,260,52595,582,34532,4,1.77619,1.34003,-0.38918,-1.33307,-1.12934
chat,147,582,69662,6982,4,343,52595,582,34532,4,47236,0.92466,0.03828,-1.26956,-1.10498,-1.19089
chat,148,47236,14,4165,260,582,582,34532,4,47236,343,-0.17992,-0.65242,-1.05323,-1.23059,-1.54596
chat,149,34532,11026,4,343,6343,34532,4,47236,343,6343,-0.50572,-0.87617,-0.46403,-0.79276,-1.3312
chat,150,4,343,6343,260,4165,4,47236,343,6343,260,-0.29203,-0.59757,-0.7863,-0.65534,-0.86684
chat,151,47236,343,6343,260,582,47236,343,6343,260,40064,1.13495,0.52508,0.64006,0.52354,-1.88512
chat,152,343,6343,260,582,8041,343,6343,260,40064,11,1.10502,0.02134,0.32744,-2.06901,-1.6819
chat,153,6343,260,582,8041,554,6343,260,40064,11,5866,1.17886,0.85162,-1.66926,-1.17806,0.42814
chat,154,260,7889,47236,11,5866,260,40064,11,5866,13222,2.5974,-1.3073,-1.26743,-0.18891,0.71403
chat,155,223,553,11,5866,13222,40064,11,5866,13222,442,-0.50613,-0.96872,0.61911,0.91254,0.56164
chat,156,11,5866,13222,1664,611,11,5866,13222,442,86,2.00739,3.8096,-0.32968,1.84644,-1.50849
chat,157,5866,13222,442,86,791,5866,13222,442,86,1347,10.47165,-0.34593,2.50584,-0.28755,-1.1434
chat,158,13222,1664,1347,260,20779,13222,442,86,1347,260,1.38092,3.4181,-0.38257,-0.30628,-1.67882
chat,159,442,86,1347,260,4190,442,86,1347,260,20779,1.42602,1.27514,-0.43481,-0.23536,-1.63468
chat,160,86,3551,260,223,553,86,1347,260,20779,63709,17.86673,0.96726,1.44627,-1.14809,-0.9839
chat,161,1347,260,223,553,32051,1347,260,20779,63709,418,1.09523,1.06978,-0.99677,-0.90657,-0.60908
chat,162,260,4190,63709,469,260,260,20779,63709,418,223,2.00359,-0.64269,-1.18258,-1.05695,-2.17939
chat,163,223,553,39304,21730,16,20779,63709,418,223,856,0.36905,-0.24877,-0.02432,-1.388,-0.93122
chat,164,63709,16,13548,294,260,63709,418,223,856,17397,-0.23809,-0.6719,-0.70092,0.93004,-1.11531
chat,165,16,6948,260,21730,16,418,223,856,17397,16,0.30495,0.06145,-0.93482,-1.19669,-0.63771
chat,166,223,553,16,6948,260,223,856,17397,16,6948,-0.66138,-0.08349,-0.29666,0.33775,-0.11774
chat,167,1328,17397,16,6948,260,856,17397,16,6948,260,0.00149,-0.55124,-0.01774,-0.29691,-0.19515
chat,168,17397,16,6948,260,4654,17397,16,6948,260,8900,-0.30786,-0.27793,-0.03432,-0.15653,-0.45129
chat,169,16,6948,260,4654,14,16,6948,260,8900,21730,0.87312,-0.08388,0.27525,-0.72598,-1.00287
chat,170,6948,260,4654,14,1277,6948,260,8900,21730,343,0.53808,0.84974,-0.47717,-0.933,-1.19955
chat,171,260,4654,14,1277,7889,260,8900,21730,343,6635,2.85309,0.54229,0.01817,-0.84037,-0.83882
chat,172,4654,4105,1277,7889,47236,8900,21730,343,6635,47236,1.22797,0.17422,0.60595,0.67834,0.62578
chat,173,7889,47236,343,6635,47236,21730,343,6635,47236,14,0.86938,1.25923,0.83649,0.16307,0.37553
chat,174,343,6635,47236,14,469,343,6635,47236,14,50696,2.55573,1.0903,1.59624,0.72755,-0.04178
chat,175,6635,47236,14,50696,14,6635,47236,14,50696,14,1.6724,2.17661,1.18579,-0.08348,0.59717
chat,176,47236,14,50696,14,469,47236,14,50696,14,11782,0.94229,2.31405,0.84702,0.89511,0.00622
chat,177,14,50696,14,5655,5136,14,50696,14,11782,11,3.46758,0.68813,1.57869,0.17475,1.5147
chat,178,50696,14,5655,5136,469,50696,14,11782,11,1479,0.66018,1.39934,0.72726,2.21855,0.93418
chat,179,14,5655,5136,1479,6660,14,11782,11,1479,6660,2.30608,1.23454,2.17097,0.34244,-0.81647
chat,180,5655,5136,1479,6660,11,11782,11,1479,6660,19871,1.26773,1.85201,0.20573,-0.94089,-1.40279
chat,181,2984,797,6688,834,2968,11,1479,6660,19871,786,-0.25311,-0.59472,-0.27574,-1.56572,-1.7478
chat,182,1479,6660,588,1762,260,1479,6660,19871,786,982,1.41614,-0.37715,-0.92319,-1.15481,-1.54497
chat,183,6660,588,1762,260,4654,6660,19871,786,982,49211,0.94174,0.15683,-0.0502,-0.52638,-1.37237
chat,184,1438,769,260,2619,791,19871,786,982,49211,4488,0.11982,-0.61868,-0.46242,-1.33712,-1.63714
chat,185,786,2619,791,12,2619,786,982,49211,4488,4853,0.12892,-0.84634,-1.30249,-1.64262,-1.17475
chat,186,2619,791,12,305,260,982,49211,4488,4853,12,0.99241,-1.07373,-1.15158,-0.85025,-1.79622
chat,187,25699,12,305,982,343,49211,4488,4853,12,28,-0.22059,0.05511,-0.08743,-1.65624,-1.02058
chat,188,41680,12,2924,16,1884,4488,4853,12,28,8438,0.44901,0.99625,1.25897,-1.20434,-0.46681
chat,189,4853,12,343,2869,260,4853,12,28,8438,10699,3.34507,1.82673,-0.37558,-1.17941,-1.599
chat,190,12,28,582,43,1309,12,28,8438,10699,14,3.23021,0.50266,-0.71799,-1.21184,-1.2336
chat,191,28,8438,16820,14,8438,28,8438,10699,14,55662,1.67219,-0.32367,-0.82596,-0.57952,-1.65905
chat,192,260,8438,16820,14,8438,8438,10699,14,55662,14,-0.32437,-1.04333,-0.78045,-0.3569,-1.43045
chat,193,16820,14,54693,16820,14,10699,14,55662,14,305,-0.23893,2.67187,-0.66722,-0.89403,0.67202
chat,194,14,54693,16820,14,305,14,55662,14,305,786,6.23714,-0.66101,-0.71587,0.94083,-0.14047
