timestamp,windows_available_gib,action
2026-07-13T07:28:39.4006659+02:00,47,369,
2026-07-13T07:28:39.7577122+02:00,47,255,
2026-07-13T07:28:40.0933856+02:00,47,080,
2026-07-13T07:28:40.4472008+02:00,47,050,
2026-07-13T07:28:40.7980740+02:00,47,053,
2026-07-13T07:28:41.1533693+02:00,46,993,
2026-07-13T07:28:41.5193398+02:00,46,961,
2026-07-13T07:28:41.8853389+02:00,46,934,
2026-07-13T07:28:42.2169188+02:00,46,903,
2026-07-13T07:28:42.5785208+02:00,46,838,
2026-07-13T07:28:42.9311878+02:00,46,435,
2026-07-13T07:28:43.2803257+02:00,46,072,
2026-07-13T07:28:43.6232601+02:00,45,719,
2026-07-13T07:28:43.9664062+02:00,45,384,
2026-07-13T07:28:44.3169034+02:00,44,993,
2026-07-13T07:28:44.6585274+02:00,44,644,
2026-07-13T07:28:45.0010046+02:00,44,285,
2026-07-13T07:28:45.3618111+02:00,43,926,
2026-07-13T07:28:45.6960342+02:00,43,591,
2026-07-13T07:28:46.0326599+02:00,43,233,
2026-07-13T07:28:46.3979012+02:00,42,828,
2026-07-13T07:28:46.7479069+02:00,42,481,
2026-07-13T07:28:47.0866646+02:00,42,134,
2026-07-13T07:28:47.4422563+02:00,41,795,
2026-07-13T07:28:47.7823548+02:00,41,418,
2026-07-13T07:28:48.1246567+02:00,41,017,
2026-07-13T07:28:48.4722480+02:00,40,692,
2026-07-13T07:28:48.8158664+02:00,40,345,
2026-07-13T07:28:49.1773553+02:00,39,973,
2026-07-13T07:28:49.5291415+02:00,39,632,
2026-07-13T07:28:49.8881201+02:00,39,222,
2026-07-13T07:28:50.2353363+02:00,38,856,
2026-07-13T07:28:50.5803238+02:00,38,518,
2026-07-13T07:28:50.9298470+02:00,38,142,
2026-07-13T07:28:51.2793989+02:00,37,793,
2026-07-13T07:28:51.6056710+02:00,37,429,
2026-07-13T07:28:51.9505849+02:00,37,074,
2026-07-13T07:28:52.2782081+02:00,36,779,
2026-07-13T07:28:52.6126407+02:00,36,422,
2026-07-13T07:28:52.9817673+02:00,36,037,
2026-07-13T07:28:53.3217858+02:00,35,666,
2026-07-13T07:28:53.6726337+02:00,35,259,
2026-07-13T07:28:54.0216653+02:00,34,903,
2026-07-13T07:28:54.3566771+02:00,34,555,
2026-07-13T07:28:54.7187245+02:00,34,195,
2026-07-13T07:28:55.0729780+02:00,33,823,
2026-07-13T07:28:55.4182818+02:00,33,468,
2026-07-13T07:28:55.7723710+02:00,33,112,
2026-07-13T07:28:56.1220906+02:00,32,720,
2026-07-13T07:28:56.4639065+02:00,32,381,
2026-07-13T07:28:56.8031807+02:00,32,028,
2026-07-13T07:28:57.1471487+02:00,31,731,
2026-07-13T07:28:57.4975639+02:00,31,346,
2026-07-13T07:28:57.8441140+02:00,30,976,
2026-07-13T07:28:58.1917873+02:00,30,600,
2026-07-13T07:28:58.5202117+02:00,30,282,
2026-07-13T07:28:58.8482410+02:00,29,934,
2026-07-13T07:28:59.2032726+02:00,29,566,
2026-07-13T07:28:59.5508638+02:00,29,209,
2026-07-13T07:28:59.8818146+02:00,28,845,
2026-07-13T07:29:00.2618841+02:00,28,481,
2026-07-13T07:29:00.6008151+02:00,28,114,
2026-07-13T07:29:00.9418708+02:00,27,719,
2026-07-13T07:29:01.2893322+02:00,27,417,
2026-07-13T07:29:01.6349182+02:00,27,054,
2026-07-13T07:29:01.9822169+02:00,26,681,
2026-07-13T07:29:02.3129071+02:00,26,387,
2026-07-13T07:29:02.6518059+02:00,26,031,
2026-07-13T07:29:03.0019688+02:00,25,682,
2026-07-13T07:29:03.3303304+02:00,25,329,
2026-07-13T07:29:03.6959677+02:00,24,945,
2026-07-13T07:29:04.0529365+02:00,24,596,
2026-07-13T07:29:04.3922497+02:00,24,227,
2026-07-13T07:29:04.7462205+02:00,23,863,
2026-07-13T07:29:05.0919859+02:00,23,495,
2026-07-13T07:29:05.4287700+02:00,23,186,
2026-07-13T07:29:05.7650034+02:00,22,867,
2026-07-13T07:29:06.1257599+02:00,22,589,
2026-07-13T07:29:06.5010074+02:00,22,237,
2026-07-13T07:29:06.8447828+02:00,21,933,
2026-07-13T07:29:07.2084729+02:00,21,574,
2026-07-13T07:29:07.5371866+02:00,21,271,
2026-07-13T07:29:07.8726906+02:00,20,906,
2026-07-13T07:29:08.2257081+02:00,20,588,
2026-07-13T07:29:08.5721613+02:00,20,236,
2026-07-13T07:29:08.9139279+02:00,19,879,
2026-07-13T07:29:09.2582579+02:00,19,572,
2026-07-13T07:29:09.6092991+02:00,19,208,
2026-07-13T07:29:09.9475383+02:00,18,856,
2026-07-13T07:29:10.3064224+02:00,18,472,
2026-07-13T07:29:10.6424496+02:00,18,112,
2026-07-13T07:29:10.9876844+02:00,17,789,
2026-07-13T07:29:11.3387002+02:00,17,396,
2026-07-13T07:29:11.6807070+02:00,17,039,
2026-07-13T07:29:12.0407661+02:00,16,669,
2026-07-13T07:29:12.3777724+02:00,16,363,
2026-07-13T07:29:12.7225539+02:00,16,001,
2026-07-13T07:29:13.0735613+02:00,15,610,
2026-07-13T07:29:13.4179926+02:00,15,470,
2026-07-13T07:29:13.7686676+02:00,15,612,
2026-07-13T07:29:14.1178241+02:00,15,620,
2026-07-13T07:29:14.4589635+02:00,15,617,
2026-07-13T07:29:14.8289304+02:00,15,692,
2026-07-13T07:29:15.2073005+02:00,16,700,
2026-07-13T07:29:15.5597020+02:00,17,938,
2026-07-13T07:29:15.9458930+02:00,17,937,
2026-07-13T07:29:16.3012822+02:00,17,970,
2026-07-13T07:29:16.6530900+02:00,17,961,
2026-07-13T07:29:17.0009240+02:00,18,034,
2026-07-13T07:29:17.3342917+02:00,18,072,
2026-07-13T07:29:17.7062744+02:00,19,797,
2026-07-13T07:29:18.0528624+02:00,21,042,
2026-07-13T07:29:18.3992206+02:00,21,033,
2026-07-13T07:29:18.7466071+02:00,21,059,
2026-07-13T07:29:19.0798563+02:00,21,073,
2026-07-13T07:29:19.4355951+02:00,21,095,
2026-07-13T07:29:19.7800427+02:00,21,091,
2026-07-13T07:29:20.1277089+02:00,22,346,
